cpu_uso,temperatura,memoria_uso,trafico_red,Fallo
24.488142836714665,27.344054577584348,43.27163059019547,114.48098203953863,0
16.807528054012327,35.18341501603322,65.21179214208118,42.53392831283016,0
40.305805856240575,47.27260764851763,42.609600685487074,59.84848738145455,0
23.283766320619485,54.7964049888064,62.10001659631757,87.09805159093514,0
36.06009951345639,46.411570335904784,66.88853015948902,16.222498931403884,0
48.8618590121053,49.83330880285059,63.809276029686984,80.6017782048954,0
21.439161740911327,61.74476744691795,64.7003145959885,88.23622766445465,0
36.833289928110695,41.31411406804309,68.13474945536555,147.76592592052506,0
20.824971789857365,30.251776197617435,61.93020345528654,117.11351442144176,0
28.171035588951597,37.20143049236839,54.24036132662396,92.00280307526333,0
38.69156064389273,44.919394383463484,58.79528536311656,129.85110374441638,0
22.846962907400318,52.67248935234179,58.54269710014292,83.55306417786736,0
32.790215257703395,43.177836711099935,54.20600878544278,115.44098474834239,0
19.189434595917376,32.07398866536908,56.237415108606456,88.08418621025876,0
25.36838637914601,44.9267440966309,38.02644386360415,93.31455663348656,0
19.226239230152416,48.113974762902416,64.21832953727018,118.3043896776149,0
17.170077758114303,41.49861528032803,71.69000257811972,16.272879104353635,0
26.5909212265392,47.218664048888805,51.84591400645128,61.99832478936734,0
20.72646865809426,49.13521034857228,51.792195721986296,98.34876906430517,0
33.819354522315535,28.30985247849978,61.53351843432955,84.8804101605913,0
24.410781527284115,41.375697869444465,55.02620309004443,105.87969137154222,0
41.97246923645228,43.21866746348261,52.43880763494491,141.87516129293152,0
29.423812029664145,49.385768543358594,48.534581945831334,123.43251934218623,0
27.40408648636395,43.80729964228263,43.3340533846801,105.76123607916905,0
83.50014810006974,69.80676803497963,79.06967863759088,587.1428889904108,1
49.094166404701305,37.87564983646133,65.16207934562998,40.443109757176934,0
31.89328307292374,49.22599268380937,58.92490261663969,144.80517625324177,0
23.228382884878883,48.313851909987264,58.28693304216614,148.39575840076415,0
87.7087554649269,84.11879857272503,81.97388630610287,326.6890232029012,1
23.534271157574732,39.597596298249876,60.140234965257385,136.30129203170787,0
35.211224283793385,41.41187842115044,51.16201283046305,0.0,0
48.31458765854354,46.849877901519456,59.158324219756004,149.29135318043325,0
74.4352296820272,76.83822114543553,76.62339738059339,496.59328242773813,1
91.3436928435638,75.84472824473087,85.44207828585996,421.7967676154823,1
43.73658545162958,48.13939817937508,36.825117891297324,111.00373907775017,0
33.27879524159357,35.99800205438454,44.60262676057122,67.03110242530188,0
17.064923747959043,39.114596770709625,54.08574866450779,80.11463904520255,0
40.05924511796417,48.96621503874908,47.74583367328246,92.81069943959517,0
79.92157853226091,74.53561688690105,97.81111955137536,474.9604395522311,1
38.17889658025029,42.49344387674477,50.50731960151703,106.7930669033475,0
27.72523740046592,59.54444309638911,48.98587435656358,53.15835841352735,0
28.626890342111203,46.41399307530125,59.862880306589744,155.3222959432642,0
27.083062502067232,41.62020686435157,40.059385317952064,125.01904001216204,0
43.56240028570823,36.905089282793,70.26279454508732,145.04952753745533,0
39.843223984765835,46.25940058682492,47.66697925027939,133.81626227128223,0
43.25432109095078,35.03082679868681,47.540871457951795,86.19451078093638,0
22.402968825197128,39.51085299148117,35.09470449896763,60.13886333525761,0
87.23849483441884,72.2249167111567,89.49001967921014,547.3215021131952,1
34.55904195170703,37.09986528832076,55.45080230448703,76.99767215250519,0
35.53251219984784,49.808696424690744,50.418745639911485,99.74153623683841,0
87.62254972652786,71.52715438633527,91.9417547725362,521.3458142805623,1
92.10098370704317,77.03896252462744,88.6325908637009,368.3192856357618,1
21.681777917695552,39.715936623996555,53.75694526423522,107.53915964357948,0
24.11133173261304,44.176415478784854,68.76355441906203,63.661426499088925,0
28.269281757161306,42.443313157571076,52.684223586871724,51.36248728096394,0
32.340244543531476,58.43024433713345,58.59039719306675,160.82403607052848,0
28.60410371844826,35.325877019152934,54.50210674507145,42.12971574686139,0
27.546118839971296,55.16482389427792,61.40434297607432,92.4327865936432,0
27.610679008303055,49.03515941585696,61.28798746701194,113.07328837934081,0
30.382379949600285,37.537774798606236,45.821809260302764,49.66814458996378,0
16.739523139179614,47.26825509894573,66.20107545371036,110.83685370829765,0
16.42482460158065,32.29045716884828,37.21028181563629,36.44041590088898,0
44.244958212469484,56.53514324048571,41.978301482052004,21.1711487261772,0
29.929550145194455,43.67566873107444,44.172194144865486,79.42296726953028,0
15.752518137865433,51.62108750578902,47.212017754322105,93.45465316570035,0
33.113086734428855,38.123730094062566,54.3179577735166,52.86253148277297,0
37.060789138151314,49.965876864106235,41.12647159418761,95.70612710196148,0
32.658782296520485,44.98800092431655,55.918216746924536,148.66112930198148,0
31.786947168104756,41.29758534626741,43.9556966043169,69.38075118231657,0
75.18751536078427,82.27774266812217,82.28309750300562,412.44017371406136,1
18.73232531090195,50.998828758879505,44.27400135233092,89.74577428587415,0
21.915063971068125,44.762523418504635,75.85581982148224,84.05192870067242,0
19.222552220706937,39.86921770613369,67.86016448668708,57.70994151919588,0
38.995998754332504,48.57110228240629,39.84562295526187,42.82694116103741,0
39.246336829127685,42.21873723214047,61.03878861438996,107.25911527516224,0
17.60892924346099,41.38370060867925,25.091324181003195,85.57181998201706,0
29.032868881296075,62.77567135948003,42.76238399566488,156.6733632855521,0
56.93033663980496,45.45517241832146,60.835447656890736,101.5723679497386,0
36.06850593215671,37.08252935148189,63.10797343908372,3.9221222419781476,0
42.52842634427484,41.46904121691981,61.28473318496624,96.47380524518437,0
20.959317102639993,55.06718440801991,54.04724342337408,193.62890446102708,0
35.22142545933936,49.67071603200469,51.585876347929336,114.28650342805082,0
24.150923465822302,49.40817660086117,64.48741262607973,84.23367613895705,0
61.93107567844861,38.970832942120246,52.66403565970385,138.42960047296143,0
11.302583003045793,32.4409954216098,41.58121672772762,126.7299249576541,0
51.65002344901084,39.107248576922935,53.65448267666386,101.72816194742016,0
29.0394010027535,45.112176976066124,71.68772315139948,103.2457532739848,0
30.592184340144883,37.149288968024806,46.21240540315494,110.26740923565914,0
91.28204287657238,73.80194707848034,100.0,409.9305574737443,1
15.668481854752878,49.735552335079824,71.62690280729777,116.41840887608312,0
22.530767149298324,45.052921262758936,40.30531671729892,91.3313995445429,0
24.694988523894725,46.028547088706816,76.44687957525602,101.31343236405226,0
34.73832920911788,47.52114928762037,50.711019421951605,70.11588985331736,0
29.011103468088574,48.66772358453714,74.18947889004082,11.668879204796294,0
28.096613219163917,37.1596680427109,46.47981468530138,136.4700049588906,0
91.59907230183028,77.7358074265398,96.695324942312,418.20178588675094,1
39.96570510579447,40.80252003625157,54.77994320039548,55.12684798349663,0
40.88769654216672,36.55784340014316,64.79297252936726,75.66251834435431,0
39.59270826085207,45.13566866388618,41.185280109914274,61.955678130301415,0
10.124310853991073,52.37724086607118,47.21836959977035,100.86661646814254,0
21.7311964596014,50.6671610518032,44.674738383198004,39.79712502984786,0
35.46733568201379,41.51851940010135,66.39155798050379,121.37874140274045,0
30.1961665769399,48.220296267023265,77.2093737092288,67.70479774863554,0
71.77652350101633,75.34364520791779,80.38081291895622,314.39222005988665,1
27.790304004667775,33.20732695941529,63.08167355389877,79.3826054127446,0
47.65454240281097,33.6830063753639,52.679908603844524,105.74359301917968,0
48.8115706944059,43.215371207174876,68.87897981913088,128.97712704941648,0
26.629140288819602,43.032121605783395,49.29358663917574,39.65562182481159,0
85.08053606818065,77.23991086753728,88.44996270058543,459.8217508255085,1
26.118231814587713,40.60299382581575,67.21548462915231,40.4025518143911,0
15.781893332581562,28.870516448392234,73.19339416426052,76.98039147615515,0
29.28398740585936,42.12282544447779,70.02336945415789,44.64563924016617,0
18.739460390889494,39.61863512973036,50.88738667746227,100.668295389519,0
23.751814223043212,52.23716738446946,64.3978678721581,0.0,0
46.744924333475375,27.550326504232526,58.7712090616142,55.525971733438844,0
22.808905485508138,41.474448177370824,63.279283322753045,100.57666250542195,0
27.371091707917323,50.64932491624681,51.88334594708161,118.15743553615098,0
40.391117874202685,37.81743409063063,50.96719964193111,14.241326735120232,0
22.074792615672994,50.697866021384186,57.60026916997208,150.91640868989694,0
36.17005949576698,39.635742326530014,50.088157424959775,112.44156261472313,0
28.27053940076577,58.2190585772998,76.23895681186711,91.17749862364042,0
41.72729019259365,43.05740466797837,50.38249571675115,149.14912220915681,0
79.62791515759139,85.07259595133232,100.0,444.719919472666,1
18.57029702169377,54.17134335656628,64.61418116785819,146.9536808146681,0
12.741932712094034,42.79313566258621,65.66785299020371,87.27277129893268,0
87.2787175628436,79.50881944506966,89.25631336157414,463.4515255267236,1
26.416598479787776,28.3509783808867,61.65566449758168,128.89983077771748,0
77.27302692595923,89.83316868710088,89.18824812513203,389.33579759641174,1
10.7232742065439,32.8255639347904,65.89422861891845,139.77641124870522,0
38.41983695452127,47.39474227755293,70.28876300219379,0.0,0
21.639378478999753,42.50845558039121,50.52329598803301,43.13323807763871,0
35.723903111756755,39.57075376778326,33.30892420982251,38.63276157251114,0
31.947361947187748,53.92099898681307,71.18431838374615,103.2154015505462,0
27.90676322848134,35.880086655326785,52.59314583213078,107.30351216857345,0
50.1527511046064,56.38501514226201,52.079122302458565,183.8850884949211,0
20.49089270312768,48.20872306969948,61.40351709779771,103.46778285942136,0
84.09623619240746,81.408201652104,90.19628950066625,477.07169427703093,1
31.23078201656181,60.11384808222304,55.563235580982735,113.37199855004033,0
29.102643057127732,43.66831408910749,56.78257484311167,58.28899772974324,0
57.20169166589619,50.821317503262826,52.320740938800284,122.37421638861744,0
39.33128072341069,48.04882423294655,52.7846680667554,116.7070040260784,0
32.69294752580734,51.768696517413716,54.658130505875285,101.97189700868635,0
74.21572598763976,75.89146599162773,81.74250604798321,416.0968993985075,1
33.79639648385965,52.22860261635409,48.713881956239256,100.83365928551088,0
77.60473145416002,75.78718603558713,77.82764742298586,432.85587527566685,1
31.847104747810832,55.048996952145366,75.81715351748292,91.84466124080582,0
39.113627221747215,48.29338097290375,70.63514106334974,120.38005531297624,0
51.24771403016962,38.49751462277489,54.072577150404456,141.78105719272563,0
43.88337778208448,52.33093485991624,21.400428368876973,109.64315905623253,0
18.880329742258365,45.17102288124624,34.82347729941683,50.92337294819038,0
35.07835756289624,43.14333721670859,61.254759887734494,124.56145055828833,0
15.931849905024617,58.38124246944325,39.00139535258805,90.55863239375837,0
97.71557548883766,72.1807501361207,84.6129800781141,380.14592826045606,1
95.75967732939318,70.0419017285591,90.37461686836704,300.3360247823087,1
28.65691258529452,54.914882541902045,71.85179538393943,163.44456525685248,0
25.305256140650478,48.78635962992693,60.846618335565125,105.67957802302371,0
35.0826863967459,45.85570103182946,48.96203777144372,129.39743897017263,0
21.627375689502998,45.10519425200968,54.22154270735967,47.3372082845114,0
41.92735165416415,38.82996406341103,58.09843281641365,75.52347789432717,0
32.598827942484235,47.591483229592185,43.14396618396471,105.27000438989167,0
18.10588107132672,52.45763390581722,54.00983777306327,122.50879440328316,0
23.971793442160383,54.443945735794,60.514905859732785,138.62294235172737,0
36.748194921666034,39.10297158911572,59.48874505757252,76.52167160094862,0
29.358616534070073,43.745242822501616,63.259116529268965,153.35742559551792,0
33.46448209496976,50.875443799621216,40.47108848045003,118.64266993114416,0
36.04120889588518,44.82999453030982,81.42691928047495,96.11331574509987,0
34.94030186282739,56.932144653081636,63.24128884604026,58.23251284543906,0
19.278609880143932,48.764377332579386,25.10606310218248,109.98369904297533,0
40.826910538870735,31.874948287696444,67.88039898933967,166.51654619949772,0
25.083638143679526,41.733981501580566,47.85633162767221,97.00249713105106,0
17.073746528477372,41.85913022166361,55.62424780527544,105.14914722958594,0
35.08725023229934,45.904312313321974,53.68968286599337,81.49421032474807,0
40.81766727672829,63.97556009328373,49.29418310572669,189.62448480697128,0
27.933887203039532,49.41612922517309,56.25416843290985,104.43522011571349,0
14.84808937801448,36.28820249940694,42.98788546620623,198.8773508972743,0
27.119611260779237,43.627347525261435,30.759323025721294,172.69243278902428,0
25.5405628613884,48.34698402889066,39.72144671303923,94.8801209914642,0
38.15501022444263,54.313026410651716,50.864381955902125,99.11199106258688,0
26.1468640313824,46.75921653766672,34.79520918863142,108.04134014866283,0
28.311782768099892,44.67849819881888,57.209432779938034,104.50995752306999,0
93.77379366103428,78.8710631853486,81.15113877874856,447.56602352656614,1
24.737521434825787,52.52655078827341,68.36634877578665,104.54085985911767,0
26.08351432578209,44.204333176429955,56.72114724444789,59.66074290854735,0
15.846292579495858,38.28855080669258,53.601143842560056,106.28394602575321,0
29.04535752910927,32.794291783224246,48.468706804905544,113.71413863126593,0
27.025177991261497,56.181781052551365,58.53796827051634,64.56149728000443,0
36.03094684948834,34.78869125228515,42.25311619188059,106.9156673915077,0
22.71922902144679,46.054217449912436,81.21076722105882,135.9451146692194,0
36.38592458777374,52.67582982761178,71.92830784505074,110.87762363762161,0
21.903964800783537,37.718609023311686,35.341052090865595,10.81697703552491,0
18.70948228782771,45.95147197052844,49.77702163593798,64.77574160873402,0
30.078801846947282,45.75389614374633,72.60851185993214,76.18302459027937,0
25.8777925497553,31.070376111252127,58.68036330435805,68.3730544030962,0
72.97758630955944,78.54680984738425,80.51682192014165,540.2454019652341,1
36.35418030209227,48.440118576260815,54.949577015306126,108.49520344093959,0
30.786351903160906,44.1001759472363,49.678846981179575,86.1210618757953,0
27.182153911394927,51.705524386509786,79.48160663196303,159.40866336588468,0
12.23753666533548,46.09776111268735,42.06707278083588,172.73857513526372,0
34.80908092748896,50.14592479137864,37.797232924414715,118.84321616387545,0
31.761898225026922,51.69155075631534,41.53638256060702,117.13017590067453,0
35.82571318808805,60.474828082110356,56.5530601217836,121.09320317922686,0
41.49273326285676,50.56220268061648,60.640163934959936,107.14860497343811,0
34.54740912141135,44.203312231103695,52.02500769108389,144.29091888015216,0
46.9943598300871,47.892032331668354,39.01903018722189,114.5536173717045,0
19.24687606950762,55.18920335480109,57.738247467531465,74.702438476953,0
31.897061676103956,32.11813530643102,39.25013571596425,100.71010184693144,0
31.43388467342251,48.44409996396829,52.96805371461943,146.22930848483568,0
40.639409875608564,53.1591642660089,71.02135201364916,42.58524691812443,0
19.503445010900588,46.614982243524736,53.9542192919749,87.7447454335057,0
32.19150327663939,53.63606994835335,63.13563965075834,81.20168507307395,0
34.700441873682024,48.2935689316499,55.52689962252588,130.35024770624156,0
35.72582781356159,47.180436011584526,40.802973817002815,92.4922427431294,0
21.74346317197858,41.575906773710486,48.64008481955829,63.730841385996236,0
22.333434122166523,43.67689991622268,50.839001307901086,195.21550984657958,0
26.368833388444337,46.067681180283316,28.42878176938538,126.26024332700908,0
28.441018220633325,44.775667540854,65.73350611726156,8.021779053204057,0
92.4301402806062,77.42640262325718,100.0,467.8579747269144,1
19.422890710441003,41.069095775685625,66.32317331527535,161.4048695925061,0
43.032780373160634,51.626039025013704,61.06466814078564,47.97059718450658,0
35.228354880355,45.23731906577636,58.54234441790603,131.94592828764573,0
39.85729995679863,55.73011348945418,42.38870600573247,113.20599797567753,0
12.974163957621595,48.17509866456453,47.83633566518662,88.1807674439687,0
73.8979753519885,82.05706873589362,80.05253120693507,452.3921577498088,1
20.83725899436275,39.13049568531233,42.46400163242508,61.41369644419774,0
31.132704105377645,46.74615662151051,67.67546180495347,40.38028537052426,0
34.430021304473755,37.46984346090872,58.13421449535554,0.0,0
36.12468794013602,51.05702829294675,69.49003833942305,166.85416336372512,0
30.239030432849553,43.95446953045251,50.78007779398942,91.8680702169278,0
33.072995208766095,53.90799114049999,40.245684985391364,151.45008345819434,0
23.39678860526553,37.80453364492483,52.805181190912876,114.52393730644154,0
18.934740912583298,43.100795153521915,57.75909214501525,72.94641136945818,0
12.289314469119088,41.704714306126526,64.10815564698626,47.53118268357241,0
17.903589813087947,39.359402415810564,60.20249932567035,12.142149534276037,0
75.993033382839,79.22879570684604,88.04628091861323,434.4871795465158,1
22.696333682828634,34.18543857326269,54.855711653041745,73.68406045701036,0
41.70198709196604,43.498236348374256,54.86873137647897,197.0165036721557,0
25.820904542341093,52.51050730155143,60.17540580263558,119.1125661168262,0
41.59329803364248,40.05958561833244,54.459470583868914,138.37013505796153,0
29.260524343916074,42.30154731361349,60.16171569178445,120.69101709445226,0
91.77377871016675,76.81014569652349,83.2620449790079,336.5174294586317,1
15.692248978819519,56.12258229910858,33.71469841356978,183.45056403232326,0
25.7311893005258,48.76904470051517,47.357482309522794,141.0877915297144,0
28.865193541178584,44.20789053880741,39.03221100375249,118.06800803903757,0
9.925431392549902,34.13923805322311,64.81041411814357,47.46910850991008,0
35.29692754356731,57.055085684657364,49.192187924793366,106.14596517186476,0
32.332161312635016,42.454986935594796,56.269244602289476,33.45240087214469,0
50.236062192296394,46.77616107742383,68.07126696317319,126.73332918424643,0
32.685922788632574,46.233053163213846,22.114882935580823,161.4212309348753,0
14.952796259689977,32.89571977347606,49.153993803650266,42.73081213901033,0
92.29618936790645,84.55770021845866,84.57478197529669,421.9628072246102,1
81.85860277179133,71.58080379881447,86.12966905920226,494.14651791543315,1
25.45205282622307,40.5600769822788,45.01515438720644,141.5461714927894,0
31.94384301577336,42.458078472280455,65.98784565110013,129.42723055038934,0
26.003638143853976,34.49666415585899,57.79942049305446,148.819055643243,0
19.141748711148146,50.43855692052062,57.339612471889104,92.57805861628586,0
32.237879516388986,36.16061157011005,74.07329540274038,122.38646281297474,0
18.261200355910276,49.20513110601914,58.29362002763878,99.93712770507223,0
27.354851586893894,36.0092907474924,56.1521112159646,64.62895854558329,0
20.350765394198955,45.59153601985004,49.101467034317146,74.68769603111271,0
20.10395179741419,37.77623601306974,43.26473397336834,146.1267879381938,0
30.861438830463747,42.242093231298156,61.948915610506035,101.02689260830448,0
28.18775826781897,44.72586519190068,66.0697740427973,67.26099655479328,0
29.338673853741774,61.55785440399981,46.030848961009546,87.00082222954696,0
72.91260350546405,85.11401559929645,77.30934488627643,389.01349066729824,1
39.325908318730896,56.705861328682694,58.76827122983337,123.8403469194448,0
47.106133725819255,51.690619215787365,77.42232625687708,97.0299157002767,0
23.941391792411068,46.30893146807265,80.6238534877115,69.19092067559431,0
40.96469233810884,36.220873091030775,52.561977652183856,128.95988129607616,0
32.15396505456288,38.15221543357666,49.37043140647045,166.80375602332356,0
32.96984673233186,43.38251365779624,61.71794138593672,76.98765566392827,0
18.894241545341714,45.28901218911208,58.26020301400037,7.445620175725001,0
30.760053914124114,38.543109106092324,57.86198710807665,119.77990127121285,0
88.54700785681901,69.57503172639817,97.01166205703326,374.54221350576705,1
32.41962271566034,37.59091556450843,56.01838550033325,105.20517752392168,0
32.87124165201824,27.585245597063683,36.65690444488857,169.7604093630293,0
32.2899639245934,38.01940198792857,67.21037708716752,101.28461821729283,0
55.581992856682525,50.0084516773864,38.29620055843509,106.22317876922556,0
43.41475915530881,49.3743251625783,59.72788686610009,103.28119717552462,0
54.85189916678892,31.10718440987863,58.51788670387562,23.347969360091724,0
19.551908059789664,40.8217365068762,70.2958374884601,25.429206509741107,0
76.86007149689537,57.16777268193333,99.71120628939458,431.1508650033567,1
70.23660892156371,84.08833440723404,87.61922203905195,360.432229779991,1
20.21627222384968,50.90687656749216,69.78794326257596,28.373960281731474,0
16.30197020420922,51.05377106943708,66.34760113081155,69.49508334257919,0
26.652246678934592,35.0122139625306,58.01204251780176,44.66130750176056,0
42.49504900706159,38.20810071864233,45.76351480914573,126.35280978757858,0
17.56136764608715,49.61672028712397,66.0632365360914,112.37664740568201,0
32.314459225255725,44.97149014014995,60.95498279494514,89.21037573553369,0
56.44343347017035,44.19808400769236,43.18704344589746,114.34944575986465,0
32.54420843301213,51.78698318027035,57.018766494204336,103.60166335467834,0
44.79944138890026,36.46500873434464,59.03799746585081,72.45400365452932,0
24.710222919359847,52.41695900836378,34.14776562105588,37.40582300178158,0
38.49102110743144,57.48745816641239,66.71366428080306,126.27223314037921,0
23.38017822203391,54.297162377701326,57.89690939644056,74.05913481981386,0
14.85529690819233,59.77907433869709,52.92623977727912,122.6470956308069,0
29.758749128899968,45.136207788632184,55.62847322473082,83.44759525512411,0
41.1739881590246,37.321874444312094,62.93383514393616,112.04004935673903,0
43.21304032273012,30.653398386681722,74.17733074902111,68.96856042749602,0
29.401738564700963,42.72599451451018,55.79313095558771,127.739832824184,0
37.589285897867654,44.98049722533169,44.04894162186848,70.92020697131773,0
19.37696286273895,48.50582113702948,55.26820665959639,119.55383559251952,0
6.980788352644152,54.52081130126219,70.34121949558858,102.97626687704589,0
20.12126659099251,50.91119110450166,60.895288248715396,141.1539661443838,0
22.432049114305393,45.95722653179462,69.3595254499269,183.99010191983956,0
20.634936252104044,37.61706881523856,55.200410407210605,126.76301017985459,0
94.75954559386265,74.33040086326788,81.87135635082456,349.94300889226594,1
83.18591362679884,78.2348611777277,92.61084814091046,459.2376983512073,1
42.46891715534719,44.59821775349244,46.13513529634087,113.41685281921478,0
35.88317206484576,38.34955551773711,78.90513288996944,101.43373179432197,0
25.89185712045415,48.45784167543951,47.79004433084902,80.7856131003458,0
33.88978729352184,36.759415077841524,41.7548972487722,106.97470351073213,0
20.52107282731014,44.0410729561424,47.70974908095147,110.59296969859112,0
32.30070759191402,55.04016768546453,55.394360487762555,86.82235581100662,0
91.40902867129563,64.62822073103264,84.41747996902588,414.0247725895828,1
25.736424037944566,43.96861841364946,65.25884707163684,109.69851886890844,0
19.983799901050844,35.12260218253743,47.91017982290285,54.79533470524206,0
14.862856073871729,58.072234029129454,40.76894080975773,137.8744584658472,0
21.52366071380915,48.22558070531177,48.472199039527794,73.26267877404919,0
90.53085104864421,74.70968370391593,84.96087033049933,474.01696798329334,1
45.94442391749197,50.94709171732632,39.22857882630256,100.38047359763976,0
71.06806674708723,73.49057901176043,83.68711471438681,450.04649381007664,1
32.185340424109455,63.88830185155961,65.42837530637009,29.574542266499854,0
36.38391925608383,48.43988929448869,59.039217130746,131.79096153841343,0
37.14609790636618,32.535620289647575,55.85704999097311,82.10548203355137,0
45.51151975522523,54.24289806848684,69.47842868145163,114.47631345443952,0
5.761206733710433,29.253972820594655,56.990308321584074,24.918433814787644,0
33.40589216400497,34.63197992764799,53.47409683750139,135.61632020747365,0
25.12874616235304,51.49771983941027,66.24840897104416,146.08854652274675,0
30.86110868258978,48.68886973954627,80.41276003610278,116.88057437642776,0
40.35443416416945,36.78058392995897,54.763830948060765,136.0647779569898,0
42.302221756507876,44.8876217252599,73.05055480822276,193.61200863427916,0
33.323140119795916,47.15141931695579,47.59257151745335,199.41255698134745,0
24.85217325085258,41.95445930896579,78.80048319307089,133.95221830925797,0
14.294993963768226,47.73789513852908,57.92669129944541,121.58894718953228,0
15.777462904023258,41.68075277427224,24.740742382455487,158.8560139266609,0
41.692955904456724,38.57251483443146,52.26528929480999,84.0070926561813,0
26.908278765313607,50.79065275360196,73.29566315779307,80.12147468317994,0
25.881230338775325,35.274908888523065,60.79040451785422,66.35806278406822,0
41.7171791471616,41.64196772263705,60.14847481081058,111.96733843255193,0
35.52489954417148,43.063297597965985,46.536199313009824,55.31432955181549,0
19.083748278408976,44.03581257728451,81.0035112069636,67.43715110031269,0
39.61987189071841,38.94901306264996,55.125855792086504,126.07366287921421,0
38.38490774451642,37.66989701916815,43.230821876049546,126.08320949419632,0
23.524581943648407,46.34856072853617,35.51298588916039,87.33368941053425,0
24.98215807188468,52.78844013642311,44.936108349752985,64.57390408986939,0
31.49363482271189,41.23415029824631,49.90628898889864,117.43785295597348,0
91.37801838832027,95.63795351951762,75.62177159002465,520.4605622819296,1
34.86036289417637,42.371499719471004,37.93529803398483,156.48385498710357,0
18.611668822192307,49.644819329489046,61.295016196571375,69.29971853304758,0
27.33347670765585,43.17974624873689,52.85551738523805,131.8008583707669,0
26.57450799142235,39.59220521710435,54.732297533050826,101.94866717575229,0
39.49594571364488,39.22295627418395,78.25713879271768,118.18690963770322,0
19.07687235327421,40.512200178427484,66.85433898887811,41.0088583504642,0
27.918777496427246,44.420994832724546,63.36685655668376,66.96851498981972,0
82.10078053049536,84.82575000302167,79.24985279819593,371.35808279557995,1
51.22156197012633,45.31894716799329,54.14913564967157,55.01913281544419,0
37.71920154836675,41.132014577168036,58.0179240393039,31.09110073738578,0
33.10907565598004,52.72753482691335,62.90358343348612,131.61396034769155,0
27.753668500029754,25.826018557037692,33.688213036457284,76.66628268486048,0
32.85554074857657,52.873437039900686,60.20142930039377,79.55579150684859,0
27.510358515209266,39.08028826854121,66.26748613881821,123.94380365777569,0
30.970775493480403,47.76794689771627,51.37276729500968,168.3019555728704,0
6.838561370311234,46.96848177808845,55.24602075241202,129.26689306483647,0
30.14273067836434,47.67703320984775,53.634102732310275,96.7142781770854,0
42.46085192497629,36.74753556091172,59.948271629031375,62.891428308625265,0
36.10216169589223,57.3543966388554,62.178065804017535,180.35637676384513,0
18.490064225776973,47.452591514704366,42.02303943112855,104.60609257761902,0
12.412605135768857,37.645636747205394,55.23455013757818,28.438193830147114,0
34.89374561227918,37.51521854371444,58.30002757950173,178.9009909218762,0
89.53617466322581,77.30167807280013,93.30706439077909,473.487926594247,1
39.13473732017407,47.32663783463727,54.82067104694711,114.14264586961853,0
46.29166364900945,54.02442135984811,50.03873437148188,144.91877486342943,0
47.72251596669744,50.39981256432637,30.9795279792936,150.35044959040272,0
20.264538002955312,26.673067609154046,58.41480148569431,87.80074800606678,0
10.298961822881642,42.2463239157874,34.988016805709655,69.24160349300831,0
23.923536546265275,43.36475127311994,41.37283281369371,88.47877042243115,0
31.894798212210805,42.07551891240467,46.44026919663746,107.21284996709196,0
14.806300340459867,49.924080931972256,34.06560533672735,66.02330121134779,0
19.772074348015945,32.58221268721509,47.162351320840706,124.496466116615,0
33.24340210014868,45.44262502559171,48.78439240940188,111.62665972452199,0
16.11457446168789,20.0,70.02590844359332,86.40715326766811,0
30.44358797515607,44.21707027139581,70.25014745290657,118.20180376968888,0
16.7754204325643,38.7660183258629,41.42815133817297,45.69205092529792,0
30.85318142565024,43.33535073801842,54.25868725275327,93.43144863834023,0
34.86501643826202,40.773131917547694,35.70830427372164,147.48204602665527,0
28.99845923520047,45.956181769121265,56.69337396046711,146.51610290176558,0
78.99969457885503,81.97846503979851,95.9688383145368,329.0002372152865,1
30.210038416327592,44.73474842798218,65.9313328460737,39.395402550020776,0
24.183190860513562,25.16878796900082,51.88933824395089,144.97656599883555,0
20.838080845187577,37.15707456744527,70.40025492745846,101.05365154989741,0
22.65408423201951,46.679004220945075,52.93827443436791,95.06753603735358,0
90.50486419523415,78.67683492020774,88.72066782032086,455.6239140822554,1
28.057308680214806,57.48033920045601,64.28652608131387,115.98187364062824,0
23.548802453948756,47.71160036443093,38.60663102879578,101.35482197740977,0
36.32931817755511,59.15813161398637,56.62211489611203,59.811805571728165,0
28.491622884333047,49.623219666460855,68.61722337840118,147.18153070430952,0
23.56450167682538,48.51749787290503,58.78627529104304,120.16618203801112,0
35.796331732135755,54.64026655553193,60.467762921063134,27.34933999464017,0
25.480506280881222,41.36953401760797,50.19931079340969,135.26785707830967,0
17.068584562413523,46.43818980925412,61.519083579691284,73.21790694496758,0
39.9626681944714,43.81103349625589,58.82570007553907,160.32331400576084,0
29.68796511060916,53.15493617794746,42.813910734240146,100.46375437301485,0
34.59180079228437,46.496661557587444,61.97199447954031,144.31293129667205,0
28.154746423441505,50.4385218464838,61.85323154309642,140.68696856680626,0
35.96441137581753,42.09558605315771,71.19188713372887,181.3899663261036,0
37.846042878980235,44.475514107170866,38.65989963443643,113.89453614064499,0
43.10308746119609,42.17698545662343,37.27402700425142,112.2069053832203,0
25.60268941725825,37.45041081044782,62.6287183172866,176.77125200577836,0
48.761708392158866,40.44538120842132,59.700376192125674,117.10707084039718,0
23.931348221428248,58.768418737557774,78.42314907420908,115.6193717549734,0
27.19324923133226,31.298629876062073,48.49872116786078,131.3353889661696,0
11.168497919414161,37.63216965690923,65.05616865443572,138.69717676616233,0
44.10459145203504,45.2284718568361,50.8957918503427,44.72148860051982,0
11.980195624199803,36.36829086489601,44.74450429893921,105.62035617142422,0
37.11614878088889,50.29541848021269,37.5852844131861,102.76014002948246,0
37.978437798957664,46.53102786299041,39.97693287431857,46.5870984497798,0
29.25554084233833,44.513273996304115,63.21383360263596,45.63194925346707,0
82.09400654197735,75.88137269427115,73.13942843866467,457.1479139406271,1
41.01322957735762,36.95204768971816,46.32312274105426,102.75498558055077,0
24.50459725404465,53.082856367017044,46.01425994771707,104.41875023544543,0
38.484308822052846,40.58408114446401,44.987941761008045,87.84546282075479,0
49.04136589573007,43.20063313830855,54.406401144120984,118.98415692139044,0
31.600182258527877,29.476862444488603,40.77022106782066,113.29385485888014,0
46.391168054440676,49.94922651727549,49.05741882394318,185.28585840574806,0
13.990960215234844,33.94394590897681,47.26085847613243,90.3272834988408,0
81.92997615269593,81.37865518228915,88.10371153177407,476.13476201617397,1
33.77300493044852,39.06354081378644,62.67883548582501,0.0,0
28.328782862135885,46.29016344854673,37.11702972041144,123.85199141844849,0
91.77688965951522,72.13832540955298,93.25492850647602,526.4156605146806,1
40.0629280921444,51.87878199938959,55.393283650669375,96.29602418926429,0
12.898316073433747,41.94691190944761,78.78964540202713,112.9452989005191,0
76.66854984108366,60.59683402595051,91.51608015055295,500.88845431856555,1
26.919657158142588,44.35622073657867,44.52658055766829,143.2951484529377,0
19.026974723671557,40.596734971574726,63.612864479907756,126.50713430744658,0
26.962739712233354,40.666139362250476,50.362061316126514,111.49186290996349,0
18.699306609596423,55.05457623970628,62.46854942167742,131.39554749976742,0
17.47606555586881,41.184389390030866,64.91743733030515,133.99281461275626,0
40.09471788595969,46.69449469201577,53.506520443426936,88.59617936686647,0
44.53534077157317,57.74380735559271,54.3851699736137,80.53657321197387,0
31.412571400874633,24.320257411305782,48.13917012700799,105.76465451118727,0
38.20158186755484,39.43574447098817,56.86295262469935,154.13740251631003,0
27.80328112162488,36.63833942163775,29.12265547593961,82.83270839089383,0
30.85687161403359,46.62466246549976,47.92691906215731,88.04250411920678,0
36.153674840130535,46.47256979478621,54.2543672023683,132.83868557251984,0
22.482089499048158,46.36033424336763,57.608870232724044,69.40926840589866,0
33.38483843461691,47.388510897444235,43.133531828372995,117.47071004441989,0
36.95537757565778,37.6861458026785,46.585005467151085,64.3605823218628,0
88.99531686351256,68.43627359422022,78.93539861526274,459.54826804331236,1
11.327348074082517,57.083585819449425,74.29680696607275,110.37679965052637,0
26.723378534022316,41.78952954729241,42.089274055308884,129.02360701929285,0
42.748750412787224,55.10569223416367,73.36222748555873,101.38964934156097,0
32.12574030632215,45.7558874450766,53.745383337177685,81.62098272189424,0
78.46323633087815,86.98722148289188,100.0,449.5122027891045,1
20.283859614893483,43.19277403377996,67.3652654276415,134.4956230367075,0
85.44591818661094,63.91956072176726,89.12340693955868,420.82156757252295,1
29.939290884601068,47.32153366988034,25.501966833411778,71.59899652739594,0
45.805406865683736,44.84700276790513,58.47206686771581,42.10415631764238,0
26.07528893939127,53.47472186779538,56.61761707948244,87.83738967736969,0
28.57853463059454,45.24033371998185,73.31459150555534,118.2335071355256,0
44.46977884353733,43.77293829067191,49.009028626064136,50.26550957280438,0
22.94988144241591,54.64927148817666,60.7364537823074,117.85496979034143,0
41.087035805829075,51.37292949779899,58.51941314805823,77.53357772298297,0
47.02214944635238,41.70857662850282,66.93254477190456,53.799660104003905,0
29.460951509942607,40.001544174124746,57.03631789565541,91.3809313534264,0
39.2427013953783,45.68009050960374,58.507185473868546,135.73389050432584,0
17.29938911287968,45.55940684618026,44.863872840481,154.46152811392446,0
36.79142775438196,47.4004846412494,55.18147913901464,71.18446564798114,0
78.20688282789607,83.26705340572235,86.82099019841745,457.2905610646002,1
97.99089129857714,68.75550838329136,90.77653017760221,597.460886856883,1
77.14326074559827,83.42440188439791,77.73531650898846,578.216097149424,1
42.23083067095325,52.26608769121174,54.15944267526442,80.85231244243235,0
32.60442263333556,35.3954456891127,41.04747472806686,82.41535387931975,0
50.75400798645438,37.791317060207085,71.9652357794951,113.63458396992885,0
29.38235800139871,42.09758643830178,69.59207846693772,31.7109602171779,0
28.13103841838015,38.696860770353815,58.59753848995796,76.82778765683827,0
33.6873314731752,55.886389739031394,65.8366980008432,67.24190220105116,0
18.693846650624735,39.01854576083362,56.41996262677843,136.47254374283207,0
28.625514853723082,43.8902361530848,58.28846608779164,97.73975501363168,0
31.70865438127942,49.82415119952035,43.93178405125698,185.92956807830564,0
30.818741393863224,44.25926869751611,62.99053388447668,113.18534131231166,0
30.042298589941517,49.5229077321692,70.87141409512927,154.9919188021912,0
27.6049807797825,38.766949729401375,45.10319224597165,79.71886948835905,0
21.724097793512804,48.04458726857529,76.73866927832695,86.01205018564998,0
45.905820726178504,47.05346425426088,64.77621324752883,62.28146510200944,0
26.028046838540124,42.29784041490512,70.57528232242159,66.67467465278612,0
86.7121151176067,77.29967582227434,93.62002415250686,500.19049906241196,1
26.988963044107113,49.761611458923404,51.55468594165188,19.399662419716375,0
21.39614989220498,49.01829351618821,55.409726720082546,118.23873599522356,0
35.70890510693167,45.47486959741856,59.10104704856247,70.13746590920356,0
47.522704434236225,52.2601122906077,74.08954890605503,100.82360708938717,0
29.809837920973113,41.25670330408974,51.459325722332295,39.756683583917265,0
24.169225614310616,50.74387452021528,41.75169239833137,78.72897196153451,0
32.43339449322692,45.23820710442677,68.82818366754312,107.54449367900047,0
18.32220448732065,40.49771660581079,19.398963175111234,89.4873262989554,0
37.70865193886967,45.81077211058862,69.66165621972041,78.36946580091113,0
18.206308783673826,45.395574539258895,55.59510193193903,94.027463125133,0
5.283554998727107,57.236959483845844,55.37276111678718,80.90620566224662,0
30.12592400781795,43.230657214326705,43.01276348505291,65.57970693978757,0
38.83109777147159,46.39727292881948,42.151979543000834,70.60192492658489,0
24.68545448640785,35.091331531604055,47.228166923463455,188.4533211440613,0
62.43092969594733,37.90085047311122,60.82896576946552,78.4109280739292,0
29.13930307209107,43.23162591838154,41.296167151687825,106.22701550753547,0
45.499344050175395,40.536887205468254,54.41481217788262,150.62091685674162,0
88.94359848373576,61.74960260545695,77.55590049933623,301.2005425410457,1
46.07345576019993,55.11088536538561,52.78147892505681,88.35914107658824,0
40.57122226218916,45.699208680864494,56.45753277039455,93.24912242248362,0
29.846901508270044,45.20601414174286,37.08172225349283,152.84844504310306,0
40.291556373256434,33.92443783277466,64.84172312947672,108.31353533456283,0
25.339634981317577,56.714093199360896,57.400405447747936,101.90691578489184,0
11.063853330462143,48.650145793416705,66.16639983189509,115.05303830586301,0
26.74388947851496,51.98752359180211,45.440649164464254,105.55455956802193,0
21.485935657396865,44.77937040670327,45.430174031874536,130.33129544471683,0
36.55900776529761,52.832262185514686,65.54385820216454,54.64214656128783,0
47.976865268495224,46.67739262767299,54.381889674952866,105.51033620696148,0
28.14341023336183,57.94553498970467,56.62514601663948,96.68452064500539,0
23.76231039304195,43.410257945533516,67.74179975187678,65.43311683304141,0
43.40461051790348,44.11427194177058,54.442041026481306,94.90569327515553,0
15.364850518678814,56.74163961463842,79.54785457212586,143.0250717607064,0
60.78880808455238,40.23033835451298,49.44716022404395,156.37737696203638,0
36.80220360476691,55.23201911379983,68.82700782247298,53.599184722268454,0
45.58789184496894,46.66480678530835,75.89660386344048,128.8464728833662,0
43.52202678867145,50.731361795941716,49.681375690867654,103.78953903331626,0
1.0374462180631072,48.732451225295186,59.43910735605268,69.72878531916531,0
32.41321934916781,49.1274746195018,57.682285150498444,146.40193715625634,0
39.87334516589102,44.06897785248955,59.53065679405493,46.062899488760756,0
21.817793167665275,45.18343326941825,63.179610684020666,151.11506084167888,0
32.33848025789598,50.46141204830253,44.22469617231724,87.62686028902813,0
29.00905699758731,50.564461797128914,64.44731551747496,82.14406004737937,0
21.8759765106258,61.931444455194246,61.86607757244956,63.54290249848146,0
91.20184583070203,87.09426876840429,80.20211854470064,482.26793992662755,1
30.91752484448373,48.322434398967545,72.20661361835523,132.94184479367894,0
21.530386516816723,54.29639822290877,70.60750481267151,72.16680214430899,0
27.158449020712027,39.818374232159044,57.07681178284664,161.15115342841227,0
25.06999065341167,46.70164209362489,50.8297006897737,130.37768695290333,0
15.258678679578942,41.08840299556362,68.90400428009562,102.11757872939205,0
23.04305122802936,46.54441563015014,51.05530224440451,70.90140774182882,0
17.889838002375434,52.85661953092212,65.46043102718576,47.49357756802887,0
40.81984809249942,55.486082392130996,45.00564069814558,152.69405218608046,0
30.15618333949603,36.099160353754016,66.533121486785,143.97662407171748,0
92.2091490442338,73.77929533783008,89.40330913461129,568.7759144588514,1
38.62393472382759,44.114367721322346,64.69287467180982,61.33061880493186,0
21.107591717716755,61.58501110568048,66.23656161539947,57.89907780010486,0
35.136001065697165,53.58924217934211,45.139830084339735,117.20356624687008,0
87.75306963862452,76.1339940054971,84.95625171106133,356.14288588133206,1
25.15826048751263,47.872682937508245,52.25967048810833,110.22238795947213,0
18.46667596794255,54.19958602992505,50.018903959296054,134.22941283443365,0
17.42131844091112,45.63216859444505,51.536102071849236,123.80629295538914,0
35.92567273847331,28.446012390459412,33.93877562474606,95.03691095587841,0
21.656769545084178,37.00640726587082,46.408393321792694,52.06553812003612,0
25.40639100459756,43.452702755240644,45.451388037752665,5.16458506774244,0
21.189316633387076,55.639664041400096,38.54989546205193,140.6342607597191,0
36.50450092536139,37.09105099947008,61.73888164685325,144.1233311317347,0
49.234457948249535,40.875223884434526,43.28289352322082,38.31228423251108,0
31.81866255058495,48.953896510200856,46.321978734047285,72.50582262566826,0
29.565230501861375,48.89996332882437,35.0610281298641,101.18249147488405,0
23.22284630247894,27.453999006242984,51.810059612236095,73.58474517857843,0
98.58766961900452,82.18664590944218,76.77066155159578,567.9474874026544,1
90.515060343805,81.44738439321236,97.23387843919808,294.30312141421723,1
87.57468152018217,77.68719518991867,84.23335698796974,563.6143391364416,1
30.124993219072504,30.521369991982773,58.9229303708701,0.0,0
14.881165804367864,45.71779007872266,50.54723165318977,65.33069317358748,0
35.027844268951945,46.470058156158125,44.06087948096625,10.408334785355162,0
19.498592603978544,39.38409716245836,47.844103730896954,101.39076992377827,0
28.37207093927706,51.17600544819451,59.12317042213859,92.14825529016933,0
22.46035411133324,38.140520976524286,73.18381713188562,130.06252901608684,0
80.06515733517138,73.0520261893996,85.60484925334205,480.32043936784896,1
34.20191542894992,49.490791514552086,75.02569697560847,94.61423632700819,0
41.26705136827583,51.78138926976947,65.9784135771742,130.99093560297428,0
35.987943895619104,42.836536342832176,55.412725543690996,110.23137009305461,0
33.195246707829554,50.855388965754585,56.64095803178156,104.81492515822242,0
83.36554233119867,84.54846077114911,90.76754934384053,360.892553757745,1
9.244119909214668,50.29922445537784,40.043278017530056,81.70748373773183,0
40.90861670603698,45.13996840344493,69.3698624804581,118.94926643074629,0
35.514762752395235,31.248247733279527,68.2537324460496,84.52060644487361,0
33.61395605508414,47.26229837720744,67.6955285660655,81.0590647378321,0
86.06006477473746,78.99091486827056,99.0258387733612,430.0812690704611,1
33.02635465239033,52.83042633907948,44.98751665245854,105.39758120652999,0
23.213569387058964,49.29422115970286,48.45263012405497,149.63756749539226,0
36.032475005713934,52.72604009605818,67.90468665299697,130.4825549545039,0
28.6993970644638,41.640247501014535,61.066466522838496,98.84393906008556,0
29.192834198914177,36.07022138002988,45.66029736392196,117.20054095245419,0
76.70046642873339,81.33207560045938,93.57909982969548,430.95589646862203,1
22.815927344308026,52.27024248446172,39.210431101382305,65.66096435309431,0
32.24234744535292,35.73234241046306,52.44568140692359,77.1304567109924,0
10.336434106239983,33.27871377682728,66.09666166616105,189.78729021721026,0
47.54933071647242,42.738703418588955,54.200787675736315,112.90682522968045,0
90.49712244802383,69.72674217939607,80.26331301760368,433.7459992019492,1
33.76409526097517,53.59091675456884,43.881840942643024,2.7551534411348833,0
25.212513783365228,41.45823660708501,60.211163799064856,46.71496938893411,0
95.77184476444825,67.64094566143831,100.0,432.2417740357752,1
24.140723266822448,48.27076550627953,61.09705257304944,153.21806686249266,0
31.195803684141534,38.13071844437775,58.3975698678343,159.69058037900234,0
23.827468134530765,44.43253026195208,54.09967599523839,127.47387908254878,0
78.82211982926766,76.27412474696807,87.6838676621475,373.32488782074483,1
78.01557952258219,80.70169715381043,80.55073719874719,457.43206402594785,1
34.36323669674032,49.59124496451308,36.59050367861378,168.03886077666,0
11.301836604678359,41.50708920814622,54.361450764724204,45.46383010649944,0
24.558859978858074,55.85871686499411,54.10488787590308,99.09423479454503,0
25.4111573713106,40.56738022299516,71.01407360005405,92.77386471817115,0
24.37831973421698,51.37151048565322,68.23230455289254,32.11615426842179,0
24.691312270796793,49.61338040739394,38.38578376690004,173.28478430309204,0
22.074765528847873,36.736776603375425,55.47226905993035,117.42732447698012,0
23.98632356048786,39.72296520416327,62.94602504736999,78.20519716705951,0
87.57616383724171,77.09114571905418,92.3284078724933,376.29091993480125,1
96.6595035949635,73.08091054200895,94.96836234516174,381.047678872033,1
40.29457481598357,51.632583360028974,72.74216654288252,61.04131823003597,0
45.931866266393975,60.93960548637313,65.42558005966659,182.06037856342326,0
35.731278132412,48.15108943762653,35.3583776282705,147.61445679008264,0
25.696906800453576,46.412170583572305,56.84234148700421,56.48266165483701,0
98.17026706867182,70.6506051824133,100.0,521.2711902151965,1
23.48399652394183,50.86434955082613,40.84267900750589,116.24340439497716,0
87.95132103063355,79.20693896463979,94.27336138979581,386.47640186878175,1
8.781451009914054,42.44303399257281,46.76074561782159,87.05403821163355,0
22.515134634434464,43.265733072322035,69.42698804033405,105.44498536303377,0
31.64294765370569,29.57960652755997,69.36115869976527,84.64225511746164,0
31.517579922487403,41.71164874964004,60.91834826187854,105.34715352950492,0
37.53341621104533,29.434980824439624,63.23068547725504,108.58131675545664,0
31.867667644770783,44.129999559862945,63.055241640464246,231.42894854727368,0
33.142473325952736,31.35306797571943,55.97549710050977,148.8466300001635,0
31.252245026479073,43.68258292859025,46.85806323415334,97.82981588543409,0
31.795817819395978,39.97354651467215,56.62589646780114,65.09621894375388,0
40.581183250871504,48.37953086842223,47.07822559196229,72.35150248835531,0
27.301250647066286,49.97987405625847,62.64289694803582,83.91802798900841,0
21.531490338746355,52.712165032503464,41.468908585494844,82.7299529987549,0
83.69634951355327,68.3792052606811,77.7250447335266,294.93624161617424,1
91.79565004083464,80.41689356728602,87.47182411243178,454.8213195023278,1
25.46771950672725,42.284245217647836,39.71395209838955,166.07657347469515,0
34.55887772081608,46.532747410991824,63.03326045850962,139.9233669041462,0
30.89580681255249,57.51142490100878,66.1947442623257,69.30610056247342,0
34.979982912454496,38.176353968540106,55.53483533067126,56.48649809145521,0
31.605739810498648,47.36850209355172,52.8558293487042,113.05524031382242,0
25.557067399238885,50.6562533258145,48.60407536688855,159.33035539426362,0
23.38213535231612,30.87862841314312,64.28827328885264,137.37246950683084,0
34.914294527201996,39.16481201923516,58.970362372802946,118.93364733540574,0
28.657208378136957,41.619112517490116,45.464089790250355,156.86013140932374,0
28.13128355838641,45.75018940681717,56.53512642849495,79.11862840632975,0
37.32640077215579,48.01603693310526,53.362934196668604,102.69880101028892,0
22.374807608534017,44.031653025885355,59.19697378297578,18.11332459346115,0
94.82662168435569,73.83910410995419,81.37435435472563,500.43685231181456,1
30.731969910016943,44.42111578487121,52.35053020249536,52.87488418599782,0
31.752867789339238,41.78786208482502,36.91693241034384,104.26178705737496,0
40.70610559979186,45.698784205698374,43.27513424630319,87.23615862995905,0
27.955287790138783,39.83584306720611,43.62963110833466,174.35210542322062,0
35.22514105265758,37.443270034837724,62.39895222768725,131.7970407069578,0
42.84095793948117,58.55102717976423,70.60211832175767,115.65139828483495,0
34.24066861518451,52.747421630370305,36.69262083945707,115.53097019705734,0
25.48841141591001,44.86057122590188,56.44730257136295,67.86362160830252,0
32.09534230262794,48.93998136319991,57.862793513704915,149.32156533803783,0
25.377247112949572,50.39525146733151,50.44450603987799,132.37243615725203,0
33.95798848709747,55.18378321902655,52.09254282185934,61.38471917182022,0
33.076126681891964,31.134144703541562,69.04230800884673,165.27555393480884,0
16.483153943836662,39.03442749901873,55.867460165498436,113.91664312483533,0
68.64985038778804,71.7247139357486,88.78750099139667,539.7739783369241,1
20.736188700184616,50.97215714489234,59.10519377868858,44.150834790552366,0
34.714683571359956,39.85418239492788,58.36283135202993,167.00519758760905,0
44.01598592946429,52.891450625488396,57.232821189646565,114.68661620172179,0
41.81891092959962,43.274002620182976,57.63709700728172,87.11754414086673,0
9.618754648221461,38.423757306098125,51.12309108787571,69.32521899528354,0
39.64087168288358,62.50630348553997,56.48505571029133,143.42687636734553,0
30.488600703257042,47.931319720892475,69.36614237754296,72.97725885635134,0
14.236078430157505,57.377185051418486,58.01141224854452,89.48100343937183,0
26.149177195836835,41.516992511835504,45.948422408714286,103.87591504137258,0
35.50797572273663,36.75808446325498,71.90855159694507,109.36776605992821,0
28.273727000591805,50.2896608712102,49.82804559736224,127.53746079498674,0
26.425545771895727,46.71527065020784,58.596063728055114,126.7033984190643,0
37.56788679986982,45.37141519052833,47.47538985463179,144.4824272013263,0
23.48163892197841,41.78164768918666,61.11416276715623,140.85832416061507,0
22.198008708825373,49.637752233790295,62.71260583157781,70.55739125837401,0
35.913492417584,46.603663821524655,62.81597142394244,87.98228764689794,0
29.108799604872114,44.008459897929114,41.719204147246586,47.818044016635625,0
37.82130001531459,53.944996585213595,27.721933569438015,119.86951027102874,0
33.85317379728837,46.10662457726229,56.2195606424011,90.87394602847063,0
33.64961002466225,34.3672115343068,58.47893408845196,94.06282395743257,0
22.968235748741126,51.81535574599493,56.240583954545144,93.04740598122517,0
26.30389663956366,45.5297147842937,54.12436681742466,60.78745016197611,0
22.668438028900034,59.31137090039961,58.94669844072449,96.69638698333952,0
25.863944665783556,44.23095113828645,48.84430907238626,67.85876154291631,0
38.60473488359745,37.27770933136834,44.274202833020645,91.65974276184998,0
32.43657223702714,42.31072834005117,55.14083643666323,125.14922193038548,0
42.79464931657751,41.49817288389327,52.033940653067205,158.14536603499792,0
28.053027038833182,41.811730606251814,50.6904204626935,127.07350616444029,0
27.542569359140558,50.79641170425317,72.21012443824392,171.2809645080589,0
43.800913541474515,35.151396196407816,63.22787671016453,131.70960705223087,0
28.18496837864333,44.823679215293645,45.90203416600087,112.57157261914828,0
32.21558473624211,41.1130883839078,45.74801184617526,91.06406334631636,0
84.6436410860417,85.3206204098966,96.66099936801768,414.3545057792443,1
37.910319470430466,41.58606238935879,75.19977491113036,70.23026532177715,0
23.418835109247432,37.31113547426213,52.543513197732544,119.24583563060747,0
29.08293975854874,45.47825490957872,53.16299520388414,109.05263811593915,0
85.10922329660045,75.37919686400765,94.64094131596181,414.78296604084466,1
34.73038282160215,34.014272832377216,53.16724066023813,56.62117505684866,0
76.36670546476407,77.96089006222272,84.1556525951458,439.72829566542987,1
20.805757657661967,50.19721239514834,62.52252476234826,140.13253251259607,0
30.759552679160873,39.219170587333664,48.36110797792241,134.40603183490185,0
24.043387059565077,30.46016102358288,48.031106913322596,56.21231823890515,0
17.623375776727023,46.79725559063251,38.59208246458053,104.66262627261344,0
27.76537214674149,43.682170654395854,52.295782179469605,36.82619351718959,0
50.13387247526623,47.08223437182472,67.92752407618832,148.89608646602008,0
36.79373282956503,45.213334897444405,48.36491180516519,100.66483925449654,0
29.49761890550863,54.27693263305926,43.563514439621805,57.94683927906884,0
81.17042895193643,68.90837512163696,89.22741904308312,462.952726908345,1
19.80304680291143,37.2909945711212,40.97222907745,71.30868107937324,0
19.788375424396992,30.15938949415878,48.13716580228091,83.33232052817058,0
36.25630933646001,30.434816322263153,56.47274689246581,120.94738965516657,0
96.92114876706782,79.98433622813288,94.07930274541187,414.94565747573955,1
79.9333606277581,64.99312490386485,86.4376433616304,528.6614638171518,1
20.05650625391488,46.01028530208226,48.67520658112271,90.148394295648,0
39.17861947054776,49.386295460841495,41.456385827449516,105.61867902939427,0
28.02062271015318,38.656492675669526,40.6418194221888,83.3317806563577,0
17.007836365541756,42.336808670835545,56.78512880002835,89.73064786079787,0
15.944369461437134,52.04487728018588,51.362887363699286,97.4994492729116,0
39.55305208570511,24.703402840920628,59.63399797598066,154.38872852003584,0
44.02794310936099,48.47480082413759,41.94701589575598,154.8439525564769,0
21.122304884614593,45.884187602109,60.00795161992527,119.85385644281969,0
35.74071220894001,45.01256411014675,59.42862458307962,183.16626793867218,0
27.850789697112646,50.192756060730886,54.27814600713847,120.92876044707747,0
42.18194711754256,44.275760471071536,41.925839100718534,113.8034474406033,0
19.91913689082596,52.83471442294867,71.02684546644109,28.602241232325696,0
47.11708480142344,43.850306104775775,65.9195504903267,45.73819790853845,0
43.3057490403904,39.240008689370974,63.64767077628721,15.06485846407088,0
23.88614752611372,51.68992779779707,50.21115352908288,96.41097694688885,0
29.744459290085548,40.59941986447801,44.70720188073977,133.64326154425663,0
21.676444268957713,42.11264691678444,62.28331130063965,160.26114545249067,0
20.319542414897548,56.3111074308562,61.55678742000726,52.18121133337952,0
24.687857053924017,58.885435567052134,44.41817801217497,88.04064010512636,0
76.50821621661098,81.37046724396987,89.63556136418539,440.7483583496741,1
22.728628241751313,35.88888412037668,35.676842574498394,135.21945840896527,0
33.07801768892059,35.335809058702445,67.35525233703632,136.10712570796994,0
21.815713340579986,38.14489838802155,67.1009916393159,61.29374286845915,0
23.421654461478628,46.00093444366451,84.29507014318408,62.24237426670252,0
91.3828146038264,72.93546423656595,81.09145312232086,487.0025995985444,1
38.6960592010566,32.43049779158989,35.953743163858555,197.67154341319082,0
29.55106969877463,48.81237202149537,46.41384680652702,119.20917047622811,0
23.50722454933993,50.323542837089,45.06047487581921,83.4315687628987,0
70.10229338840922,83.4428483586689,85.92202093281352,388.7906616510261,1
66.7193240426452,83.9670888537494,93.54814131380326,493.8908769183866,1
33.24166352488442,50.059788264898586,54.00193873678457,207.61260029154775,0
25.798131829041424,49.20149076020994,44.64172345399806,129.59037162789076,0
41.72756845267445,49.639887651151426,57.63045025160306,138.2344242609992,0
20.18491348952049,50.75947946583802,79.65417867285711,39.788832953542375,0
34.63206292099123,46.65356552384963,94.45313424866487,91.28126460157083,0
23.960148132841795,48.04151852263914,51.01762165813625,124.24948773985155,0
28.17431025620459,43.717283297535026,47.237964349988516,139.93218274313534,0
31.94842340270138,40.62615767095863,49.473207642885306,113.68477680438629,0
81.10542501985361,83.43035769697907,87.1291689541384,378.6474437739352,1
38.760467925297945,46.69261450089024,45.72599522933243,56.65336666287626,0
48.76795812558066,36.08037516646243,76.66500215703736,98.58732561620417,0
28.328819196831457,45.55701474459516,56.48688179825285,127.47101956190659,0
30.48084946661382,46.669884676416174,67.89435748275918,115.6068877152034,0
76.91202431939195,78.91778537324905,98.6024719781419,474.14759034685164,1
21.372242359568794,48.62753265311788,59.10941055012282,99.63668823617255,0
32.92715482141853,42.467933147346294,50.28638779742629,121.98679253952199,0
79.76012409113025,66.34647698997065,77.00661238102765,549.9470810538196,1
87.33987350353837,66.2455433696235,86.53346526381357,345.9151026774716,1
26.535734939931004,57.6534156396948,43.46233823787392,95.24590071916917,0
38.1286211883896,45.8841993963824,56.28675146102983,104.84728607602713,0
28.08972237399831,47.37549068929354,51.571761422892834,97.90069270757144,0
39.75816719344709,55.12594303875957,57.75487169289104,117.32185514415787,0
20.302562803653256,47.93335514327422,43.961221954646156,89.58277654019547,0
33.67619840209711,52.58508172176997,52.97994838915371,92.46332612365096,0
35.82737583173864,51.19679424606172,62.84042060555063,93.65435895827595,0
35.58326912521722,44.61655147762822,56.67785630221853,54.59951607255724,0
44.92688568959522,41.88044787879004,50.66523768502753,69.0544062024748,0
36.464895377257704,44.71118243144958,72.7939943966309,110.11506630062668,0
37.00700612120583,49.65734174156213,76.7710339324033,68.23665173578212,0
34.93317900880889,45.96146735584925,37.331751261870664,42.829324813154194,0
43.173940656343255,41.3142781903277,48.241483191488555,94.08045009908585,0
29.685608296252237,50.23211479998939,55.15090923520377,88.34671975500214,0
37.50579167521766,23.687404225297865,63.996376257338426,188.84813577087843,0
18.94295331514064,42.46356709717728,64.35635418615394,36.232946989295854,0
40.07513689836922,48.08041950316201,57.93876762055275,147.53899866014095,0
29.374068721004775,42.37826094474824,62.2453776346355,179.73534002329654,0
39.531366339132454,43.71177320560698,51.01865473873453,122.28118489951213,0
38.723206367206785,44.83037016291215,70.09135735091981,166.88167092169283,0
18.928431831975484,37.82346639983797,59.58540604711021,78.88912496218296,0
20.141961913321733,39.86951773324026,48.52684247465898,75.8624866204557,0
30.283183761304592,39.07495988978715,61.83710703645015,107.63694927020424,0
51.89802933217672,37.33310636810037,42.68049420538985,26.414485097507878,0
39.81765486991594,44.79548515902211,62.80801154550503,74.03694665733443,0
18.159694417774407,35.671250912823574,57.90749422962782,106.15055318178825,0
25.870021778565658,44.42673934299255,82.99619701903225,118.57950422308934,0
31.058944531152342,37.306725428276984,48.92692850569734,108.81293166763672,0
39.567031863856585,46.05332149141731,42.04631296510546,76.33416738630217,0
35.972282182533846,40.020877411353645,48.07189581149999,81.97173763290965,0
20.15006874182985,37.59514366972836,57.045315984656355,141.64431266098254,0
27.63444712781054,43.38258324211371,75.739952566796,128.50648128508027,0
34.62483624066854,43.29612788202464,51.332415342571835,102.48603624342908,0
32.244518185599716,47.392776497684764,43.01414956799141,139.76008158025112,0
44.36335405705979,39.1233070938764,58.40713465125666,164.38166628153476,0
39.495541354413234,32.616647873824206,57.71485706400906,147.315797555117,0
21.74589470021045,47.012947336171294,48.4091361602491,155.64169900223783,0
27.40453322416083,46.0342913518009,56.74740396192269,10.929539001710946,0
81.63788775072938,76.36804847218464,81.75826281489887,378.61965039975945,1
38.27183249036024,43.449243816913835,44.038497044413326,116.50565445771863,0
79.64882806616627,70.41758821770779,89.34420481407625,379.2137186890659,1
31.42943094763707,45.20142894856699,48.34488111480938,86.82414176149828,0
22.801557916052914,39.670513111337414,46.1020210010473,68.08711514228881,0
50.46862195719558,31.540597595563646,41.95026198265158,43.3906427653411,0
64.77596328783608,83.5576206254252,77.92797818425478,160.05372695315822,1
25.062434168386876,56.45717973281448,54.74894755140308,120.45661020087519,0
26.334929796319482,49.63584087511734,76.68230660975814,158.65247211671436,0
28.298153774750716,38.743777866414,57.86485510349628,39.26312055962842,0
38.87655425873836,42.96682258640548,38.92578491721955,132.8230724667579,0
27.51308873816453,31.667277145741753,68.9380365817837,125.10809578207686,0
33.90695920928144,44.98341758707034,62.70254873773323,201.0804167331442,0
35.531491563792095,56.41090975412087,57.376683110621805,101.86880481059889,0
28.70482753136559,25.583295420462584,34.47789878329847,35.992428529513624,0
75.6094560232126,72.37012454985408,95.8817613824728,589.4962121169199,1
17.62184501173151,40.1035334588265,58.62787480417929,114.09691657537257,0
98.7810212856364,89.13658950987873,89.124451225654,434.2876897238271,1
18.772779784377015,50.25610945580932,58.173780219416486,151.75270763258902,0
11.3346338292694,47.84239285699657,64.73096527138836,155.4175112662553,0
35.94754341665286,46.91182904005551,55.76060071165262,158.01361035036248,0
34.365598041576675,38.01185257296262,68.07555427490993,100.76813683862188,0
46.95722877810865,59.379356888792486,31.63192152805692,41.15153022883388,0
12.481711932482808,32.95245735327671,55.55753527785028,137.3887098331397,0
25.355957376906122,45.112873515303306,70.88009106987926,117.11075777402445,0
32.869558543017085,47.2465104334796,55.74081611752356,100.64826397936207,0
94.68259079953242,83.13251086335116,77.30984290758917,454.2316074738347,1
61.099185560053606,36.858701448007785,32.50161213397947,97.32164438739017,0
17.484605758095558,46.172990740606934,42.09219419710135,146.6878393343638,0
99.27134885285987,84.94152464782562,87.38405068689329,497.2042612291066,1
22.162464788755717,52.15137335079964,60.24847209015602,130.45722496243573,0
84.55685179614132,89.9756598088002,80.20907077045395,383.34640511255634,1
33.16155957182778,30.267920408642674,54.71927247707264,118.40181563534225,0
42.62584103427182,42.54455256078912,45.985993364513455,78.01782416561655,0
33.772118750645205,46.524616378241085,38.49897720199498,45.47587677673626,0
47.495767431869396,45.26387601186746,64.82313542011856,145.53125779558317,0
30.866976994143965,27.91507189657441,63.67684388962694,56.159518085157856,0
33.131321400131554,38.41017781698583,65.20043674227483,99.73535023386049,0
21.75387749565239,35.93318965533015,50.60076916193507,176.99381980494084,0
37.47910256117534,44.94617702995041,31.25938100112299,105.865303505847,0
44.75356216949552,43.20603423023899,57.78633405570793,106.7839070557974,0
80.1964242752906,73.86267995491211,92.59754394966079,503.01297687854674,1
29.243343956741697,41.848586758339096,64.5986474764718,37.20893261124495,0
24.94253295738063,39.10985340109694,20.096071066233954,77.98192509243151,0
94.99856877642944,75.12399960604468,88.39729084566574,465.8819657890959,1
26.36387787786144,33.92300418183452,52.591777379496044,130.99744428433897,0
50.12270445700765,45.71851869977765,62.10161429374019,143.47035908106258,0
19.410924129433994,41.655121045073464,40.3269966551419,155.28551979386697,0
85.07432054645356,75.64279878966472,76.761878226664,410.24883248087747,1
35.470973811700375,51.68688466045044,73.38856459105146,55.08395375692669,0
26.7767953078866,39.60426838089917,40.91643528943843,85.60638156878449,0
22.322024348958717,43.20138412414753,46.695217616023704,31.34009691424536,0
32.24092481810417,36.718606706859276,39.951728170857805,123.98314511255013,0
87.66090207159979,72.97303638866089,76.78996788640185,497.17031246695944,1
28.605537243190003,43.29180153480206,38.93531552637312,107.01460962621337,0
29.77699716281947,44.831096226815184,59.735729000279996,78.11126238936109,0
79.40907055646404,77.2272006713067,80.92770900636096,371.12150427077256,1
83.49920942978528,80.50035015296457,76.4117524637304,431.53813071742513,1
39.75197629782429,45.445543430475624,59.251712578226325,103.28811705051186,0
15.876962986647083,29.47156567964243,58.20970466677674,44.50853946276535,0
29.295012219409088,39.6305278121979,63.390549264063836,112.76483367474165,0
40.74318012715562,42.33974207597453,62.0045370378874,77.40514023172354,0
59.8525900260341,40.58407517936968,63.288410672183645,123.89891735587045,0
25.146364521708964,44.88372760371864,52.66610218162269,106.55485606945822,0
12.391911880192241,39.16070605887163,55.11072391594563,75.77377465957471,0
12.966175606448454,54.45596631489304,44.939657439990306,167.11863347874788,0
28.246215441013092,43.98593271397734,68.75766252985483,19.348227583073374,0
47.5547569831549,49.80597422727223,70.03669852292697,110.37915292345906,0
23.722660939154945,43.36271539682484,69.83131842673724,147.39937790401262,0
29.020847535570958,43.108126769452774,54.13026736487158,75.59117229848584,0
34.826878872092124,35.74910949442264,65.96328661081641,66.02876152359632,0
78.47181542443037,73.66263371717497,81.18133057237512,475.0264792986792,1
42.753907379990146,48.08247795714539,54.87332278142976,87.37729229861911,0
23.684222708346685,35.62357443429939,74.25921402104682,106.08063111351117,0
30.961207769409835,46.046192627643165,57.28267866213873,189.41709739027843,0
17.582394245183757,45.99664538757327,45.87658673654087,78.54615892173912,0
11.334600486393837,40.862870809865974,59.38202801257985,93.79751821206087,0
94.06273769370316,70.17961633981689,95.36951230259648,588.0922557308251,1
42.038844371688164,38.62659307527935,66.80483252684277,12.504763400958279,0
36.32781866106285,47.0074187866781,39.891221062621675,87.27429469354293,0
40.53802052034903,54.18185414490863,31.69002770845876,69.12438499256182,0
29.52629297455564,44.30479963545577,59.197934952161056,101.7457454751835,0
41.53590343316926,40.925570661348914,58.27973499502197,87.7267302244562,0
39.85449685615218,41.68448179644166,61.38426918727343,158.43274873156452,0
33.09998983165555,40.60805485901539,64.13408846861967,54.49599180143059,0
26.7965269180568,41.007801525494735,41.927888347454726,130.65823839398834,0
30.616798498479717,47.75039457383751,56.199857965186624,120.27245590652197,0
33.992231226052795,45.74940217094608,49.53589092225625,49.99897377649583,0
37.0945181713904,48.86374981532279,36.27795009844067,97.58877003888074,0
28.475301636194565,42.60724725827705,39.30828902687871,56.7136745668802,0
37.90371896051711,44.71096046750737,51.39316731297701,146.95603726296832,0
24.806036281738734,45.15322174815385,28.50942921194374,150.96238573067183,0
20.22444755201449,42.37056433964125,43.03282050437902,132.8363408467643,0
35.01094169939845,42.39754691933558,65.84224820564202,86.73624884273818,0
83.22881393451924,72.62589600061972,87.39718206992355,463.48102745782825,1
9.815121356113622,46.96834412537193,58.24101293617317,53.58652575599394,0
3.49030191606988,44.85607609854645,46.782254683133246,126.66170127930523,0
27.629880299873722,56.12666125272704,38.19932155403944,118.51651117972452,0
31.904238899250576,42.714249032258,75.16918856065828,172.80139251069758,0
100.0,70.27695080022761,95.49780138933292,393.2568625991701,1
26.698799060335496,41.50089298712404,64.48469291842564,80.95959999916595,0
20.922438198530795,51.774561283023985,48.02103084127339,173.32456593593798,0
74.2933549854363,79.35745362537075,91.38463968259482,321.0424146058863,1
52.816518365388426,39.71150781806236,50.126183001114356,160.76078290123922,0
30.224658928120462,52.83781444987367,55.42445700506367,81.39018283323676,0
19.759714091136203,49.217314053976544,51.042420915449924,108.00376236513574,0
29.26027136405622,38.52440765664955,58.13039409666371,138.05539934003082,0
24.84781606191757,48.32681023302118,62.28154030071561,54.807398789417476,0
37.00309879408991,37.08874889360722,50.97065658711494,101.59197816464065,0
22.717277975933868,38.41988847513372,59.60992213560973,186.55905333206317,0
93.31809831683826,79.36387173289918,85.37157398567763,568.1613409915096,1
34.200944904518416,45.14764923495411,56.602784986431736,154.83851040517175,0
94.65576259705799,81.52980071138906,91.99406788465332,284.5036175776634,1
37.46253566027221,39.03836477965925,66.91153723575316,118.70299649928629,0
37.318707042882956,40.43677992228034,49.23796498951319,143.68221645755204,0
26.847307553596544,45.391047578911476,52.43288240378602,94.91375882173078,0
14.542702133092668,46.70432553995739,58.7589003243234,151.27913449506744,0
80.46418887196577,84.60638149359525,76.74231120396648,513.0825154317129,1
36.15935606944264,56.92871454641382,59.709472221646244,96.75717035967904,0
29.96625542589048,52.42100673069889,43.417431078993424,130.51833026855886,0
40.17661466843502,35.03229321461675,61.07905206036731,69.06340293539937,0
4.376663412046895,26.0765636702485,42.71608304643143,82.46364447853172,0
22.76009668257391,42.737826340082606,60.678604789743794,97.31534449859555,0
34.82248952680657,58.5335182340005,54.424170461793025,108.65221644993265,0
32.66818396295402,58.89766276682205,52.02098663366688,108.67165110417973,0
32.431234585128934,42.86057290315243,33.765877163770334,134.276210820204,0
77.51651675633035,69.18306089791182,93.5536883435618,412.35137888595466,1
21.16142563798867,43.05719020579114,69.00661279965247,111.29799056222402,0
83.3989235661749,75.01249470353602,94.72454158233337,361.32389156937234,1
25.429037434137282,34.18896306226229,43.38245682577208,125.28092894468085,0
45.30750832343698,43.98585006636479,58.892148534339086,87.26332585126785,0
41.88393273448084,45.55274831967659,54.915245145390045,126.75857926872729,0
95.14686889196854,68.76579629517514,92.42354551358484,312.34542625625437,1
23.726865540486973,37.12369728788187,54.07333946081889,29.750790620816918,0
26.06947242938599,51.176779628529864,46.79942756175844,105.91288361212979,0
82.79854050090923,84.92965598080076,100.0,516.30067539707,1
26.407079092129404,54.543635594768375,36.716826271982,49.24995969594867,0
15.151020315500965,47.5672248552458,68.41520587272582,38.22180363665783,0
33.61636025047634,45.75211062038625,55.53462598685382,92.2166134784133,0
27.436593216275078,41.786778287747694,67.94111433367536,26.912162501149595,0
21.088077745847126,33.510339190785324,58.53302773220858,137.84974686461257,0
11.292080789741444,42.93880969688376,66.7024065002172,63.08092406503624,0
17.42422141085384,43.64600659993156,42.6850914963652,62.41561931608602,0
32.96120277064576,39.363797737799864,61.36411482004696,122.6704152447063,0
24.907866374008655,40.67277470529882,54.13952384458038,12.910557244130576,0
30.771564962177166,39.925972413399634,41.510008182856794,105.32665957450823,0
17.691356835660446,50.363700825283566,53.16087335920834,80.46905101213248,0
76.12553974001604,82.88902947444083,94.5429313995971,432.27374383272706,1
23.646376111743706,50.003219549222614,47.33217935119987,125.68484015506336,0
37.83589664798607,38.918627187989635,62.70733908005238,110.95742947725353,0
88.41231432021235,72.14025571277162,78.75976127673586,329.4831515380389,1
31.226703159947956,42.75188672906008,56.44948279001332,102.98512039267389,0
38.5277367512222,40.890193105658966,39.99740768926238,66.33970164353875,0
1.2773778671835068,60.62049237719424,41.472573715516845,66.63363813133677,0
31.26379579546412,45.50507265775233,46.53093325327362,69.98964769233052,0
31.935899113675447,45.86922979321229,48.59386427422098,38.76289469949414,0
32.13979910734222,35.546108249599115,45.80240282776255,12.25408294964506,0
27.06033052335818,56.77044720192611,36.084292038745055,154.3342866572242,0
32.24216404290793,50.51742898558031,48.68330961867187,0.0,0
88.88475136035201,77.34233344057401,80.18657843754116,513.2420948173502,1
40.375399442578995,40.39839212203693,57.03969447699123,67.95118560748466,0
17.355015930450342,41.45355616348456,55.90490954709599,109.43460262998283,0
24.88784323568815,36.358416011043225,55.27725215200877,152.26468277180192,0
29.37320902726828,26.626280605381215,45.32176201052126,115.10847040455334,0
35.92526949201183,52.64263737352252,60.34911821460555,42.18400652876967,0
24.19946758629957,46.05985173437344,22.247147380915195,43.82734333215322,0
92.83228660374013,70.46899006713492,78.10196013700298,448.9034729411637,1
13.451125637717038,43.257184413035276,41.363497999553715,114.64586103862729,0
24.709473226537053,40.854314086310296,76.17791060550083,67.3875554084757,0
25.168135377006262,49.815530804359994,80.98625742647869,122.05746152702181,0
42.795186697601586,40.17621741594747,69.02467353077483,65.54349083254631,0
21.96821049319655,49.218061875848385,31.106318212544004,67.4790859132471,0
48.97767016745977,23.030397336361723,51.15250628431826,160.42926606156854,0
75.3202797706626,88.13500436305955,96.37440722793077,499.8137458031354,1
32.504928503458764,54.75226880554434,57.85171187559951,61.101974492519794,0
35.38296079049633,45.236033384307376,70.79411297836026,173.15899025017413,0
22.372752214337858,44.31183106781937,57.71565049294161,81.16040758943987,0
34.69267589808526,45.96654885892283,26.406851775123222,179.02820404920297,0
26.907909229501364,47.917611021381795,64.91374739248619,145.73217097320054,0
24.702397962329613,51.168027045693584,54.180565506828515,73.5225928033029,0
19.647576775806257,51.64169167530134,41.84955027041539,145.96058784209598,0
21.015320182089628,30.39945292766497,48.44483188987042,87.11952117530382,0
32.52240396426677,49.953142753822334,46.65183107000182,100.68878330922242,0
27.843323624523677,50.24821832806843,63.45747330926784,171.3854242779909,0
42.49618905296666,48.44395440785547,84.38304385808868,46.71021652946219,0
23.58518404777048,50.89759727518503,34.095010507528436,110.53061950301586,0
23.077496707341037,51.48380243759075,49.783180382509705,135.0482396668664,0
32.586611478553884,40.595455290068465,45.49595711085706,88.67683705607,0
20.813480535158018,48.54310358822499,53.832266191580906,120.07408197439563,0
38.52433334796224,25.173718525111013,54.91023043911104,82.70395250888154,0
85.67910593221333,90.63114280390987,84.2521787941447,394.6776783160518,1
25.885733928839976,37.06080198305547,63.675963215491876,105.84941116089443,0
28.893346314426704,50.17960835965521,45.10047176090511,100.2861302438995,0
33.77100393902187,41.97393374624869,52.819197548609125,49.2968918186769,0
27.151245066303293,47.51776593380425,58.94418819395779,102.47153080918594,0
32.14093744130204,48.820506994726486,53.14420352127,118.17325732608914,0
82.03399212953882,77.87283183016181,100.0,427.44073401595807,1
97.80317839111436,78.30548092726016,87.94210149240371,447.7024956983217,1
48.466369960476655,42.6935748984741,61.86965694135683,47.232197889288024,0
22.644700574102334,32.88816088660958,57.588025251203426,26.57718092516501,0
43.55572935710348,42.98026969522743,48.12896742248167,166.18538993608354,0
28.16803381279612,45.226773495785054,48.48158199548396,89.61288145969884,0
69.39937658780495,80.91145861340314,93.97022711948316,452.93474657049944,1
78.1655227966851,83.72722867830032,95.0438504073129,567.8201195843413,1
34.97743089091394,46.99328215369898,50.4066591794853,45.43867340642744,0
37.35621997245747,55.53543427025831,55.22798898711845,116.773674898465,0
35.62880860174355,49.146306829093405,47.43721511624273,83.83722198990107,0
4.697124772536703,41.3820718177832,49.77936879716968,118.06189964958025,0
34.19705608357266,51.72652525025783,54.56263215690355,160.33344392230913,0
82.5753113831039,82.7989085425203,97.82492235024743,312.1134389456816,1
39.382838059759976,42.684575727838634,28.629987936855642,91.03036177807255,0
38.7231538002845,49.722864844660336,42.44057070287798,72.9473654569055,0
5.736079294647913,45.950991310964035,27.341713928844538,73.81587916284049,0
11.793966994514829,35.998951879042,55.08820809903639,167.55288769210708,0
87.52298316901911,81.33385512079589,91.24023683555355,434.1758195504959,1
23.275144039936638,45.367201708226105,47.98925088169498,44.73803764482247,0
27.438202475046197,53.30954375119229,48.5516489282392,131.53995789404078,0
10.877450245802232,46.461974797740325,31.896853448950175,56.09426545685557,0
46.536172684922846,37.52594196073019,51.11222979159307,108.59938145331004,0
41.6187830260819,49.78327158061264,21.272460200583,48.93527199021355,0
27.2000669812552,49.087181155988006,56.75212731730872,103.51857109897102,0
17.827173077795205,41.21736562709062,50.5993879770876,154.39087573313253,0
0.0,41.145890530995054,41.61704156347823,112.32513346146018,0
19.127540611371977,51.55239317555211,47.13606972159047,64.83934924198195,0
27.654128666248525,36.64067419235398,62.480107608097946,39.90938990638875,0
83.72513140194829,74.70528798512474,87.01406448919093,471.7433508705832,1
31.26177903661967,57.06152302352375,62.052338822413745,123.3373427662386,0
14.5688177205713,31.20783993054019,73.33577888367414,148.893810258719,0
71.3450995024556,74.7267332660794,97.2897781852333,359.6977130931894,1
69.27161269625665,76.22796049969939,83.72702686709684,520.2715533737331,1
38.56398794323472,46.37368658466704,65.70208695513776,106.70725333796959,0
91.33916031532587,84.10193591742964,98.88235994359928,379.9929408207186,1
30.82439752934503,44.57231744395892,44.894815723343335,33.841617615347424,0
33.23167714184781,45.72042173366266,77.74608815189626,98.48428672821242,0
27.56616020624982,40.6029542017105,66.72716044363747,77.47735200819592,0
86.75896113899157,73.09255528314569,92.53172387287627,397.6018633598741,1
88.91391820329885,69.48126196209536,87.8286536403813,427.55275126926335,1
30.207937076754078,48.27565295492296,51.7392395215635,30.46409685912856,0
23.07579020126144,51.13699930470281,51.77654051274323,121.42560900066437,0
77.74793775253784,66.83621901569425,99.32728512394141,438.4870612274266,1
56.20793091029975,54.44425334222094,41.68468758516363,152.25121902912812,0
52.71449745422796,46.01017013604555,44.81946635341434,96.0450949736207,0
31.915773961940896,43.559120980550595,58.82592452295437,166.18053123460135,0
40.01824853681937,41.19605699156438,42.15809843791767,61.37401441570799,0
38.2206015999449,50.967280504030654,50.64025589933746,86.08041801617668,0
36.77875319530908,38.81396601516256,38.0743910030467,99.84349962819685,0
25.625416996765896,47.24904029530172,69.27571174582283,57.95832198853225,0
47.275431701007115,43.75682803668883,52.886389627470656,54.42855363158928,0
33.1917451041918,44.838646107401736,59.78455362148413,134.05368488692548,0
36.802161054504495,39.960073267446425,70.25236119317368,105.52900946007362,0
16.189553968462253,41.813607666286885,64.40158777989681,22.06485973071395,0
27.751440181919214,44.390406916997954,60.48669774339212,152.45923275841182,0
18.124015809704872,42.75730458394244,73.5380975490191,105.4524518225467,0
20.00697767705089,39.150176964859746,45.16790088718512,140.94809346360395,0
21.754858384723263,39.68228887573213,55.81848139123404,85.91278207521651,0
23.199752784215093,51.109770457039446,43.73839473110698,136.37149586774774,0
25.826331863949157,51.15274781149456,37.900345938215054,162.9254408817161,0
67.0854186674862,77.10744414763593,74.20011652694987,454.7459789113898,1
22.27122332176391,51.345809099769745,59.67934719260124,83.9653865996119,0
34.446026682201406,42.294208688715685,61.06313611809042,64.00568113458927,0
21.669439429992412,55.427195866133545,57.70945640902625,132.19149774109596,0
35.48883835317364,40.194228727923615,44.81314412355442,105.61173702802176,0
28.094968940021886,38.63223692481267,53.6071502785542,89.16854012083748,0
32.6402008133367,51.52166176807666,54.04181015814645,99.86091161192256,0
80.92523922935433,58.80957399365836,92.40543458100029,487.48408048262763,1
1.6784440188943028,38.61867888492268,60.049198750223034,58.112625790070865,0
30.66990717224872,50.95786868866166,42.81204122944209,106.6717465812397,0
48.522781845089376,29.386723866128786,47.7269940133641,106.77612299648278,0
37.08356447299353,39.38930686926821,49.04018737446104,65.38802899460593,0
42.477420726737336,27.125152827608712,55.498502086766734,66.16147869482994,0
34.676931717654334,41.88635213280657,42.99675372667854,130.98502541100603,0
33.28762410303481,44.22996150909264,61.572867744850726,71.45150144537592,0
27.97807347566106,44.728799735073196,60.04644047084883,166.7119173201806,0
79.19727967348194,87.18906848490863,96.0085187405661,391.1733187788352,1
27.65980140893019,46.52872291280922,62.32282006832796,90.53866991615504,0
17.905230645811947,41.74662943261791,46.38833034867351,103.9130596740907,0
35.38910043684659,44.93108633944732,43.061723770389506,111.84801773419352,0
20.621749600848773,43.22426745720333,41.131509100997015,104.2030388483318,0
24.611581438072616,53.25959491026925,53.06027446625667,107.99928799454749,0
8.71265905585188,61.22345752071715,63.49349936986022,30.649316399670063,0
27.9747577293517,45.044670786743204,78.1512399594554,103.26578836073014,0
31.17327383308782,44.09938387553561,50.88170117575946,154.03975622910065,0
27.59334825469787,45.63787407077364,90.63411409294798,113.30821177496732,0
28.090962082727014,45.40914636493955,60.194204830239684,130.13324687112848,0
1.5145737936992454,49.61754998657659,60.67167715588014,96.74881807945657,0
33.82409746184051,49.58101718973935,55.76442831718925,68.98069405262346,0
19.026316810289334,41.27499276878829,51.272449121957436,136.2893864023048,0
45.11154930247348,42.58865953873283,34.93114569025177,116.88574768781051,0
41.35565640180599,30.860508674907045,39.420088723973166,116.72860313064788,0
26.797021954633582,46.18055957327137,47.39632160907307,164.3230854181419,0
42.71555094994159,55.34650328849511,67.52830155330855,79.50026436476391,0
25.919246269784487,43.35002128600332,36.9903758168539,54.28837220014397,0
44.18531345148037,47.86779740622585,62.05765541611192,155.86391384892713,0
34.04212865277332,40.40731934796051,34.61859317919699,54.54655107376037,0
37.21672064043235,38.044873390841744,62.00604497846871,53.814522044610875,0
36.25667347765006,46.46629058553441,51.31304529205922,133.07784243771198,0
33.63970630852738,33.76706493141531,61.41644739563438,75.35599387042865,0
38.132051867479774,41.228467867963026,40.241402616561516,91.72982386282915,0
38.38940500469612,52.33879921469479,60.285933953960054,80.92096560183764,0
19.202636787241516,53.355282286208116,60.52237217476049,70.32242184974096,0
30.69802084990019,51.03005567942964,42.2118076261652,113.98599028589895,0
42.29214784297051,50.44317243254591,67.68470813627893,98.25817311684477,0
75.25862897914813,65.21869234121176,90.1346093686431,538.7516367314879,1
27.305931655554424,49.11499121696414,55.826873597451666,146.53128531176836,0
23.773004801794063,41.61963112377638,48.069588831769444,76.12051875817873,0
31.20031326718261,44.85930873761244,47.791024832337186,90.64481586746527,0
30.47398671316414,48.80373579510267,52.75203628214439,132.89369194750208,0
23.65714152310597,55.513670756320174,73.4561953823396,132.86256498498457,0
21.53206281931595,41.78240259408902,73.29420617339083,137.105821272132,0
21.64857098369977,46.1112923565628,43.37996964095729,32.147350595351114,0
29.081552356650448,50.38395045517023,56.09526277801088,75.80502403963267,0
37.93488720552213,43.89513743111818,66.3956979833984,122.59456528623835,0
44.412732890661154,49.56614306127161,66.07573078168517,130.14404436639256,0
33.67287313401341,39.286915076803695,68.56631943444773,33.6037774997927,0
31.13140457053023,40.959398920026004,39.186402974692314,69.54177772944597,0
26.82284903243766,52.78470433454937,57.69304046058701,85.93946492964405,0
45.280313593878326,53.00378675004687,61.84701640143832,171.57754844309494,0
29.73486124550783,52.40469926574557,45.15605846641039,136.31919031220536,0
30.327969954115865,49.791153343454994,49.405271299394656,46.20053325566363,0
53.146585666735085,41.82454528685822,57.26357297881576,63.52870849325433,0
28.74213079900352,41.9181855692952,47.65092530918958,87.73247137918,0
43.92002286344599,52.161395886765675,48.95533195804656,89.27869650689556,0
41.90548594343596,52.106546242700134,58.635547689984776,122.02294374806391,0
27.70609255931972,38.92454276074192,54.08466217912501,95.5094493123481,0
34.29618219132586,40.55213083839884,65.51927055810616,48.341777420521424,0
28.98719281298467,51.314639181117876,47.36561870557446,203.4908582338124,0
30.352635519717285,39.21721605799821,72.92451710806641,123.18311388455389,0
74.9507578039409,79.4761065095736,78.1480033822272,374.9220658485474,1
28.443227646079205,53.77192977337771,60.759276893779344,97.81014417295138,0
25.885068554378197,30.653678600312233,45.011326660366684,159.95833850670127,0
33.996879517526416,50.04697867033945,74.46248497342062,103.87464129903502,0
30.58208718446,47.952460519756094,46.78015385027503,76.59747314413603,0
29.36475425384645,44.594346207660976,51.63660744307383,53.86959309298965,0
30.052436997181832,35.2318604667145,49.11265319168017,172.6717294664949,0
31.864161697440462,40.85108023930026,51.77150689734301,98.06016553804695,0
29.36876986888752,43.53437070681661,60.46210803842589,156.8757235481737,0
90.56215381670998,80.54508991692333,82.56567744297915,456.95756224884656,1
29.242357134645403,47.669979322740396,58.225659213270774,104.09528793390612,0
29.54487754698758,40.37282461760754,62.244796194282664,87.0902178910663,0
77.01794976714453,92.1681997546548,79.38266539073177,461.1950453143069,1
48.48956094945345,50.10344551501655,52.91746698926335,63.548797723881655,0
9.18070592116278,37.48417938757573,50.15555879202512,72.96249340784692,0
37.22381357827771,28.174319792296288,59.14744413581735,72.28227079411728,0
85.41087007042144,54.648689153716326,100.0,369.37758883436254,1
33.215932113392384,38.976042173302794,41.45122693801238,138.67533667022974,0
15.5035478030147,54.79459565049812,65.19573739247983,173.95754474247434,0
35.51485376040468,48.068888896476516,74.55182220929935,125.81187833724172,0
43.05478807154329,45.56894895439339,55.17144654260787,105.9554641581508,0
29.88907996051398,51.14478221867388,52.20307369539013,118.08021474329792,0
76.290978234611,83.41192304662258,77.98071052411564,360.65468829355586,1
54.63242112485286,38.45082590866302,58.384434525546645,55.67301214061014,0
36.42722759867544,44.676171479135604,37.96680164145988,142.32544450269688,0
24.646649129837765,41.8482262855521,79.02306951098033,92.93299629167029,0
4.677539147803147,41.112997281792744,64.10617319006556,83.32401455522444,0
23.31855914461006,43.07415000221467,54.84060293249171,119.27606528161354,0
14.510394749465249,46.15668035045448,58.42041690519234,114.08046364363457,0
73.25582680986119,87.39956720795193,87.37464051091365,316.60561377680966,1
27.888697611723057,43.14107641237021,70.37660077748362,60.40338747905805,0
14.649597524676404,55.12860902470886,60.41617057437559,116.9834038418858,0
14.526960110616345,49.896249728269915,57.58038331532147,81.23717528224726,0
24.498847170634612,45.82312040921042,69.6485823459453,169.20467076835357,0
85.33108609845692,86.15297549667937,84.0924312692908,354.78760635507984,1
45.98647170504717,37.061858698455296,80.78447552724461,130.16751844129612,0
28.318561814152105,51.70113375815472,72.9297027672019,73.67298903451584,0
40.91310120594269,62.481905884938975,49.70917373666973,138.37984306397763,0
29.907114384321844,45.11461969351905,64.4322074897705,126.15458018569512,0
69.65733870561581,69.73561768293422,94.41428147462788,228.67774025675084,1
87.04559630438514,80.76988254625603,85.50538357700357,533.2285789741977,1
42.34751914044795,38.08733926301104,50.81840570365624,92.11568048250419,0
33.1318447386498,43.504847304564706,67.79156463678191,140.37179823119237,0
38.96839315865532,35.86787389339669,46.83817161097816,145.9008246652897,0
35.72057441714144,34.531209244512574,87.57780327383585,87.7362770128647,0
35.15294321624467,34.44941925731243,37.80351514458575,71.58916406752368,0
90.63036707000654,83.86046640710077,70.77592449084703,289.48872702272877,1
31.733416643704082,32.7431709791634,63.25482499470878,131.00357646982562,0
25.526781043412488,52.50061154906727,54.517543185563454,117.94323517007389,0
13.39039066484009,57.11818742237109,64.58201605488664,46.82379586699673,0
33.16358321536145,48.901859897958296,72.03813384847663,107.43511534489066,0
43.043402428781526,40.79730014990226,63.13164522309866,108.31718767846698,0
26.92191528861116,40.403631504402064,45.95550826165905,110.00590864141425,0
22.017027554615463,63.11536281471479,59.66109536413008,91.59377583236501,0
21.270389095462995,30.895691372453744,64.71450265903529,116.10872757079287,0
15.770250747383269,40.94711046042067,43.415245478404934,35.83515950118701,0
45.64643655814006,48.80954246638243,51.39190767467581,103.69684589356945,0
23.459243168725763,39.58879203278108,39.42725949182521,128.01988252632654,0
40.72507337309802,46.880155067310085,52.61716975742848,189.29384132742953,0
38.447743757817,49.849706472106455,67.15531461603737,86.85733934988167,0
90.38090312871874,68.87898654729636,69.26202503674162,436.53556350521166,1
32.23270835920261,50.458800485285344,91.48824344991328,35.53131737524584,0
91.9088440550903,63.91613044006008,82.44397470892152,459.845747328149,1
38.1079864559171,47.40210987938192,58.72082588650181,141.0405650282919,0
46.17212574968624,38.15184435124252,54.94884474827349,74.29113624469146,0
26.63745261318928,41.61246588534137,39.28028134750001,66.79061465330862,0
32.634872153310596,48.059887458117366,54.04748631975625,101.72926758579561,0
45.23124077269657,37.55045995227856,78.43671634647876,65.92115019800103,0
29.10765845778551,53.825946639995166,49.09880064812557,137.31355569448948,0
28.927352341890582,46.344029658780734,42.38413822912924,128.8182758030428,0
20.35799928576755,51.2835904015482,62.42154870865862,77.53605294492525,0
40.225704320096405,45.22044093583397,74.06976761963749,49.203076506898114,0
37.931756882186775,34.28804604849149,46.56212245293023,82.9207851397295,0
27.76534017628148,47.113726301202355,73.48902851820127,197.43940496916974,0
98.22908172823887,78.97777375699663,76.34156184811572,483.43236160032035,1
24.533199154127345,28.546809031629472,47.02358913818783,185.70844137856744,0
29.01154798760694,46.34322681515153,60.778091571895665,91.46813697471688,0
34.81009231736713,46.08727499439581,56.293120665430514,117.6763568865681,0
23.222550294751485,45.612316275765174,56.046459904447204,73.93183407127066,0
15.205557768602759,51.35615863775334,45.69545164392872,175.59255615575373,0
61.377485336599946,34.185448544926196,53.53973577175276,135.72309738262769,0
33.09820710227027,32.54420748644946,62.249169116266806,63.910471891409344,0
31.973157074055962,28.334826261335518,62.31685268004046,136.65315813754285,0
23.250659812094476,49.03950528684598,38.36888000835704,189.25985340809865,0
50.102045387663495,50.06895591520148,58.225309469783696,63.33445226545812,0
24.076440443479463,39.11654910145316,65.12741680622717,76.5353705776099,0
40.78680833431296,39.045707229336365,48.43369853341011,30.161238701000723,0
35.792914996010886,48.616511121551774,52.97458315100861,35.443941780840326,0
29.8148686400761,34.51919648374949,58.75386684120216,29.15772790651271,0
16.10427533236404,40.62842681437996,63.2619516947388,68.4259053638969,0
38.20344012612456,44.18802049374926,54.950288980670145,148.74660843155684,0
36.38660168643102,44.556271035756325,67.99044410419492,106.15416915493996,0
34.90974951638251,36.4062402488076,36.93102639323,73.3957051592478,0
30.006828189574826,50.0031220926239,63.200976082720366,73.33419228168088,0
96.28249845272516,68.94923791317531,85.42207076931423,381.5648411567653,1
82.16062917040612,77.4676576461207,79.69561134860271,465.02332451244376,1
34.57805609925785,60.778266762447835,63.07564247238301,67.32553999140168,0
33.74056569847572,52.89767848288186,41.849930043952504,132.1091028975079,0
49.53259137526568,44.7881585968211,62.94767370841963,101.61715759333869,0
30.758045581937264,37.67715240456247,57.92918132202863,168.38832114702075,0
38.721970000729776,45.293271448079935,56.278064817030234,148.45061985972052,0
32.24339656778083,42.166432344057945,63.88505456857301,75.27871704375768,0
22.57515767461616,46.35414002494257,62.15297792958984,93.98606534854932,0
35.904220612514635,51.479737303997084,60.06192743393053,86.37116913871672,0
34.84732817294475,33.56253928658499,49.93004925481079,125.32780714687661,0
54.03415585238275,48.53207270134173,70.79208903662197,132.9880696314439,0
34.27194361871685,52.04624578722839,36.67046372657555,115.76506041736592,0
11.599222554942472,54.46427556182028,66.09228841631207,138.26197847149075,0
26.251779433781937,36.92085630654321,19.075520768072522,18.25846584415057,0
49.412174364637494,49.49325886001047,56.94149848723264,67.78393319737677,0
29.771319377011178,43.08946675842141,46.49466156734202,94.80836683181226,0
36.69672548830039,48.71682963374863,45.83841636029066,81.04468520857124,0
31.043559375232128,57.589360609966825,65.31297105711344,118.8228583760119,0
20.142739536644562,48.71718266425947,49.778335024455586,153.71825326524905,0
27.963262498230343,45.1776969458059,36.700180718271284,94.11378779132558,0
83.37474906932975,76.17390439127877,87.72594544716794,425.93894339242485,1
20.510834791751627,54.178136076225314,47.807731539364035,148.33759956544353,0
12.750821674869673,46.4032174198961,58.75438781789093,77.74136888600096,0
14.57198484790354,33.62415118782233,52.126538874812994,149.25217054274742,0
19.299152336738473,56.724017710398456,62.8115881453533,22.741908436151135,0
23.46670767426288,44.758145632322254,54.26980575996487,63.4878205359522,0
92.95614492822781,79.33198036945696,80.91223934020697,375.3736376688405,1
35.193465142411725,36.11000981824287,48.50232392191397,102.03654782141892,0
68.82405181801549,92.69474663478563,84.30789491796074,385.52854259422577,1
28.195200864093742,48.35302200374931,55.0429912219934,170.71714667358134,0
32.502002062516944,35.202229466871195,57.840605452316716,152.04386773862487,0
46.383597322709406,35.4656964040167,59.70453404642207,167.76703032764226,0
29.033763299851103,53.23573277651436,59.62066201525401,49.932078059194296,0
16.613942002767512,42.89421830777391,60.11387871575422,70.66299332731045,0
30.45491476330752,44.91601858760593,47.10450246801387,78.04584561470988,0
32.78348634644669,46.21763045888968,39.623020242663685,222.85346806424008,0
88.42982394635254,78.10371206951353,85.3791397912631,409.3665148042127,1
23.053996308368554,51.10951190128727,43.11983543316233,3.1448099249088557,0
29.920273586833826,39.24546791720451,46.931276988081976,178.7380515744116,0
45.47505201330062,46.90694977657527,50.86020205651519,65.16306920519959,0
28.955507814625285,41.61019153648419,38.27418822550953,88.80135468773885,0
30.722789653842888,52.449194916387306,64.42579107795491,161.90563094381085,0
25.956380073099773,46.5767967738852,84.29108758547841,179.84609279019702,0
27.65592199683678,48.33368247371366,53.84338436422124,80.72542738061108,0
14.291185428740878,35.70540928564398,61.121184774487276,121.47298735822704,0
24.07606075761131,41.524277851626216,64.96193646815566,41.07173480498933,0
14.351972286379448,59.41891501216181,56.290300005169584,95.25863063884543,0
30.774805185188626,32.149618706760364,48.37989834343986,65.9363266999359,0
32.69126941245107,43.99438329072017,45.08361657680958,31.078158828350748,0
36.337768809320984,38.420225195949534,71.33208045723728,89.53731107093859,0
34.95681887972604,46.81138863670745,64.55036574809472,90.76604128385158,0
34.477169258102776,51.84920463966585,46.52229399081045,174.4765951260069,0
34.18205755887972,46.986911971119156,60.35137332550364,86.42656622335757,0
27.90778126255472,43.71530279489993,57.13395759646521,141.66666932333402,0
93.65264582691826,64.00976103411145,94.18673355715767,437.2251381836142,1
37.17542255795962,49.33817149292008,53.40875106111404,99.01058316790396,0
23.70736606307211,30.13205027312055,82.22789933991345,176.99353448319462,0
19.614561791560277,50.986410554237835,45.024545254217315,78.77678577411163,0
27.001618037251195,54.004674958968735,57.15634457327448,144.88566935678097,0
36.22207144043402,51.705957590360136,54.642354617782715,81.90302940763834,0
29.06363811260829,52.36547809169941,45.28317439132226,157.20121555685478,0
25.409096897810084,51.80710798542607,40.567941906736095,70.7495610669182,0
18.523086101843326,37.87461956665989,62.30781335790922,89.17978783615301,0
29.12564671222819,43.68591083494081,53.63701758123054,69.95906434437903,0
28.244360545007844,38.502460228563876,59.45264485858436,133.87414972719603,0
50.883747047807276,46.15782562209793,41.592075892825186,159.01816524169178,0
42.38283071433636,38.54984283599755,64.58881687770759,196.73423014289804,0
35.131057981760826,44.19869339740796,50.0648748341982,94.44814396217856,0
84.34043232680678,72.45972650241002,72.83198484065689,346.34506055394604,1
39.78889558556779,43.7828832577979,52.16954242559587,88.74159680446817,0
48.65774511144757,37.96079037017374,41.04473215776505,79.12177738096413,0
35.43479378670093,49.007117143085715,50.82999640352907,123.1799495040258,0
31.946074552372426,35.75654589616478,59.94500157845752,88.35344918294635,0
31.292211819752275,41.41765509440388,44.28672031268619,58.32452270090527,0
14.968570468818939,39.31023486764405,55.95495455867873,100.72473910503486,0
14.970296716048468,45.58866071775138,16.2092148098508,171.21811005169624,0
20.334121090146848,48.11974534957347,77.25984828976787,91.95568818842295,0
25.322987986881085,42.71328726743669,59.55639612900535,115.18440225657922,0
97.26227107814485,75.40442496340332,83.43162737700527,389.0296628078541,1
39.90166238959289,51.60057033928064,67.29863719319115,174.68925148723235,0
29.21769340941482,40.68750149264574,71.06223410297527,43.492353900294745,0
86.05218184062525,86.97475873998559,84.30307228960115,496.7516465463762,1
29.877532271530853,36.677256063255264,69.64660724717479,125.515932650397,0
38.74389180712727,51.97181575192512,39.214740809352854,142.714267091776,0
26.29491901409971,45.08518777598034,50.33791519457377,75.07278738767744,0
34.62172666081943,36.755669794060495,64.34529169573338,125.80733985923608,0
48.82024496475034,43.698528633358606,58.506025938487916,98.49128200937635,0
19.902692952900626,46.20028522313274,44.687209470193594,107.2444915555772,0
48.486088332964115,55.77438040122435,34.944012788382736,161.20189766246517,0
100.0,77.74141169472752,89.40970164510898,413.45018431405236,1
34.29340822801734,43.689408749451836,38.36212695170508,98.17428586664819,0
25.27909422302873,44.25736555261006,57.41673470458338,183.9536492140976,0
20.33753680246746,53.50266746093032,57.77849282576567,134.29166016492061,0
87.61336737233734,77.43308463418482,78.93594747374883,398.0104173010478,1
56.32382064837391,44.923930040755195,79.1016761317804,110.12734782797196,0
30.993323054292258,54.457798629907,49.43374684592865,100.21831377125255,0
31.594625068041292,39.38961254718295,50.837632144904674,98.21164972961658,0
29.865027752620662,46.58678973946218,49.15988412542084,115.21346601263531,0
27.70451344639653,32.8353676890745,78.43533464799408,92.79457582360595,0
52.52435805344309,52.342048993127534,42.584824484720144,112.07726740474816,0
35.17659020469123,51.35573619538934,71.90343392135104,65.33717782298014,0
42.083662305931426,52.57059860409819,73.89503629314811,69.08106263333516,0
18.28345652682438,48.8120768055554,63.55631020519539,142.21412269884178,0
10.31076857583917,42.297981970453925,37.05762895236213,122.9632512842614,0
25.4269834491321,51.73641618486599,59.94485364479229,52.14640403159152,0
36.10585745283823,47.57257287378422,58.23167427474806,97.18158638136016,0
24.646832874323408,37.911488909898374,74.22391185536095,87.51474529834852,0
13.6952675628486,54.93618976558487,35.13232767795901,55.55504934336898,0
36.79597748934676,47.97724915831077,46.846660180987,98.930147953083,0
34.71415556386404,39.82911751169306,32.896971052821485,70.96327656024886,0
12.214124159934832,36.22545791339767,51.424607622241325,134.87973861707454,0
9.782013600380527,42.603866095855956,55.08381899507126,130.24351522780023,0
31.20295631711899,54.99113755002451,57.96725742530507,81.73484857112379,0
21.104855703744768,40.82512014421784,50.30770399761308,91.00319076257912,0
38.35692112065142,49.11083689424924,43.784873261218344,97.10829361142056,0
17.495922660302824,49.77220386170599,57.48013154246939,99.68285650186519,0
49.95667489783964,43.25441262379263,63.14259585545262,57.34547698460724,0
36.51136241823657,44.45753990074908,75.62127538723257,64.48794478649386,0
18.745109527016236,43.33621678127311,50.144337759508645,89.31233737378847,0
20.979484456424895,36.5288764791338,48.59747649012302,143.51761013074207,0
14.188092979678666,44.55708228072159,68.61567639785268,49.47858585691735,0
17.116923825364623,43.06833983812703,67.0591635288146,64.70442787685516,0
52.90942572590741,44.81617444711104,45.58814835639693,108.70053983755142,0
35.199021395287524,46.4784657945712,67.74141720349985,37.004800501490614,0
46.55407113088295,49.690347702708664,49.031565602316846,159.96048272934195,0
34.44773807831595,42.03416498162527,61.589520106700384,102.56195380070808,0
27.081887310844557,44.5889570102676,55.03511160015325,71.57232030131956,0
25.346895432199467,41.89715574627468,48.78239131999771,73.31361799734694,0
34.49218721285034,36.80352574334783,54.97304557891455,99.14550510234092,0
42.01213922163945,40.41018596376989,68.3309337368132,101.59626778079044,0
43.119837385739466,49.51282862298963,52.65130025099341,29.76928568967785,0
51.96223142152799,43.456038418128806,60.185442927805234,94.59479971697192,0
38.90198411124787,37.30758621690264,64.90497517387702,56.315203611104145,0
23.902170956806177,46.458257560379145,50.315089762940396,73.00248572346007,0
32.96575545140762,35.451258043271494,51.77586546970052,98.72264439796757,0
33.61503525206102,51.78558511685638,41.61739326434897,148.88776720427182,0
86.15702107031635,83.6232122991648,96.95652893584874,465.664640315887,1
17.154157343000307,42.52055528043848,67.32484360772966,87.06585322245138,0
28.52397413701331,28.80169153799926,53.19605951483548,151.2598159701365,0
39.00533077331592,51.34751091052679,49.06602431422027,140.10319257086374,0
24.5044286409142,46.26206416352411,47.261249696267946,145.0271972849385,0
1.4537333709560896,57.26604336385422,50.80164804308275,103.39190916104573,0
31.042011039518762,42.591552303070415,65.14327956450515,164.7227392466416,0
18.96791634278317,45.24062716318522,56.04113290555176,145.4014742840696,0
17.85811387212268,22.80701984885361,55.77289026918331,128.2782003968217,0
33.95803533437409,45.77620467979892,53.12468395953948,105.79061964470561,0
53.20040722017259,36.35007884565414,45.144563391125686,172.93435848145864,0
85.22775152350728,83.75077172115748,84.64692965128876,441.3830936507587,1
26.281421177213346,29.489243024855323,50.60039345597281,47.15065049345234,0
18.103333409096386,43.36393159503792,42.03679528263169,69.61392956666488,0
39.50307591973576,45.306801596222996,33.17138781636943,70.0771278271333,0
29.80362201073319,47.866069714495765,31.019860394264487,158.03197865234958,0
22.09525544554688,44.59464575086164,58.505786105425585,111.50728174702888,0
44.711703274936085,47.156069315521385,47.06635465370833,80.47948787311657,0
28.126709815936252,50.38978111934656,43.50486592605678,79.54249884869841,0
20.316555451363648,55.7822678587392,45.75023643263093,74.93999135826694,0
36.24119817052155,56.14868998798019,61.84583303295629,171.2559886640343,0
27.69065469791322,52.85303053355977,50.42042685504147,105.88043334451454,0
31.467136864333227,50.31177091314527,62.379534784561294,136.77633715014588,0
11.562064165192542,50.64673481515054,63.25060863510993,79.46046544903786,0
18.569950872695166,40.69822851416233,67.56345441313852,89.7073399764293,0
30.06422269810938,55.26747789829283,65.46069309020963,77.19698643261384,0
95.7059970460966,81.22295587589072,87.15525632569057,454.47413791687393,1
93.19481431887972,64.62323845085457,100.0,393.6040713804455,1
83.78098002183057,79.68161438039313,80.97279618128559,471.52196936986206,1
14.369656934287464,37.21370771230593,79.83937286883615,61.222702268467195,0
39.039348410861955,48.63155112216205,50.688576348323004,39.30984557711579,0
50.86047049537114,43.26864825272507,49.525979830239294,96.8469648210618,0
24.352259958290578,51.286821268856436,71.13141490281515,137.5195840116536,0
34.68774256075024,50.83522243386144,46.91902912528153,104.05308707441873,0
13.389165844328275,46.44997605744998,50.03762489428804,133.43879697089108,0
51.42270358611864,44.362468977528806,49.48935522412911,122.0502368933884,0
0.5961136533571976,43.68498419293896,73.94011212996743,170.82567489850695,0
81.0702046830631,86.81331502844733,77.5108494257042,572.5607649670457,1
24.646718140460774,43.55110787631142,56.98589876959768,141.54911599659647,0
31.904996797790666,39.14113751892289,70.26979997018512,174.30363506598664,0
34.195324439070276,47.665446499555365,59.69861410312112,68.04593823930814,0
21.05392697780496,45.43631944733386,60.98932608158729,176.07652594650006,0
24.51731205074923,47.35394522473294,72.89399685136216,151.39918859048672,0
14.160971765142767,49.26114912387092,65.04389385560408,35.74164395838345,0
90.31810471779491,84.50432693083397,91.48332522184752,405.97417519067267,1
96.40987406463812,85.10739950389697,77.4017127168062,352.0308935819288,1
18.209602088401976,44.33421846609464,61.831471879240766,123.98574562900141,0
79.73509205526645,84.65894172213572,89.16118956936285,536.3564728066367,1
29.17319314157301,43.355530099353174,47.15509564231639,75.2160007958524,0
46.73452090298537,38.952141056467454,71.38672444518613,70.32717433192967,0
32.77376937958192,39.24729620105058,54.229554460567435,151.43036146042263,0
90.65647086720963,85.29338822924235,92.02663019076454,387.0999403727915,1
28.241141875676632,43.92201634361518,62.87687878587967,207.92161827269706,0
32.766907993300194,39.754496174040554,64.80960552038047,99.00678743493411,0
27.735211080984733,48.716260199511645,63.33191657379159,140.67323556051406,0
35.583364232117056,38.15383883534202,39.26905591513409,80.54029537818059,0
47.269638512334055,49.706053856282814,67.50628692379621,137.53645695493168,0
73.2003945623173,76.872107593198,96.55753345391686,450.4376103720535,1
27.63181393259991,25.13745491021835,46.18308143832749,57.747674780969874,0
15.009840395415988,51.047464849737125,56.91271837331467,103.18776269530849,0
39.9558151400203,52.98175386869843,55.03837588738346,144.56937386970418,0
26.3903383418092,32.25467805538589,57.51218628801627,128.24267799421722,0
39.96858773465808,52.01565316692048,66.71004269948581,94.85795862459481,0
38.92597338299309,39.6630743457796,66.88680192931348,104.50740800641495,0
25.929636870732196,42.22019267902503,56.967088763121154,104.03215481839096,0
36.1277390506257,37.64145979152248,62.63863848247917,53.61857798198045,0
43.40450446023144,53.95002617557562,50.55973040995307,87.31086447114097,0
38.929538701087694,47.774568695271455,85.5526544313135,120.71031262835363,0
28.68527404328332,51.49663427693757,39.23766641975207,180.43612141653736,0
29.44415329089545,50.13483469454106,44.11208128753281,102.21813340630797,0
26.399607312430174,45.73695036736775,36.555687986464854,136.50409256118974,0
16.84184183572493,31.475543890360285,56.41021142989716,66.19845953134897,0
32.35614558108566,54.649287392230534,30.2216166677963,83.51355419807145,0
28.967782470675036,49.19372332304516,51.06014868771328,63.011524783953135,0
87.48149213462963,89.78919284438443,87.34135559986237,398.26447420104097,1
31.798941511534785,58.30187897017675,49.6504562340782,95.77900244916182,0
35.90654830692309,40.76390635075802,54.78238907790302,73.28233318161982,0
30.726805243293413,34.603696861100474,47.66573797299657,88.76523016809367,0
29.805803941122676,58.080222534141015,49.78246367953339,96.58324668667734,0
20.516519957757993,45.81986951304896,36.88008195304952,19.631386238977537,0
38.896307956234374,41.450939385109606,40.9380243943297,118.03081668745064,0
31.34296497247793,20.0,60.27811463767394,96.83511110461966,0
32.603218387712204,42.68053390638506,40.857126582757914,62.50344846254748,0
35.150476863060476,49.80447488510173,58.66181003049967,182.16382331694572,0
38.49602097021025,48.688285465660556,70.37486384227576,96.7966800700363,0
40.50654396007612,34.47990573922328,56.14554449629956,155.51383881383893,0
25.479096671669197,60.37652238485268,45.679671364334276,107.82562113249263,0
27.476464978737123,39.140369064694724,57.32394117420159,83.66320599474732,0
31.69360824036078,41.58656605331526,38.6238840891935,172.89853371975164,0
32.08382807947552,40.104098219136986,64.87218911888972,156.81084341069848,0
14.343519683944038,52.33681731488408,48.6716399473587,70.81368470823517,0
32.98752908365686,60.24993521794163,70.26914059379915,25.53946557363199,0
28.40061470036573,42.151803288469374,61.90674310996438,130.44769490806036,0
84.99143093170069,71.87273502686269,84.6838702602588,476.8331319729372,1
43.60658595838651,54.11813277750362,36.11645173459618,73.53240516134723,0
35.33359244705449,37.64693659870823,63.407144767325526,114.19272472713573,0
35.346290861224354,32.72000603024251,72.06907546342985,65.59990099510793,0
34.2548993324023,53.66026560202307,27.601136384619526,118.49009317172194,0
39.638791167949094,39.32374244659825,34.54453650187461,69.49674282011809,0
37.74634053429337,39.3840398100232,68.81998699656971,97.87792032299575,0
48.54092566334188,37.30668673911589,79.72507238133639,121.14156807325605,0
29.62963202951588,36.5288733961009,49.24775268812699,114.61584832944772,0
87.92128505980135,66.73499039318796,100.0,414.30835693563495,1
30.436024463724536,38.81200800277492,32.82267865133756,117.5209442131239,0
13.271060986884258,42.3714371355235,70.678648812814,167.35888120277352,0
23.230779996940413,53.04770413215123,35.01849644435147,63.673842055693186,0
19.39394933603399,38.68605145389762,40.73938395111915,90.03515986045124,0
88.54940581510493,87.40105658615292,87.15998797676703,535.1909376559499,1
78.50024134166132,85.84039646529848,89.55702862333929,401.35844515502407,1
18.517367112473817,35.86628176696935,75.12687511569348,59.00420402476533,0
17.038833357501055,59.851419151311426,43.6866971172343,51.11097121632185,0
8.466570801287556,37.99079742061423,69.22195637727208,68.64633043661263,0
36.47195939702741,42.58397183203381,50.75369244615875,112.22804762999108,0
10.017993154678923,40.438274144905094,51.75675558790469,64.90577059380425,0
44.415686206579004,39.90279669321129,60.33961978451411,50.30321304670352,0
36.5232287841342,35.551588514331385,58.22095928433475,160.82656691924745,0
29.116370407946647,36.66358445818391,63.21657824859871,113.77779777402321,0
6.283406391411077,42.596653769032855,52.59695407824669,80.34947889354713,0
23.98293387770603,32.531891098740566,50.406190228159,35.80782756407749,0
28.16016663647321,40.21456002399529,45.16735803401451,76.52629281903256,0
80.4475088732274,80.37670963784562,86.14838228009877,383.29437341793465,1
85.67472825758568,77.74869091679925,78.54846990738152,561.0200237021087,1
20.574419942081235,45.97199222701616,45.77005217629419,187.8532893809009,0
50.56207129940322,44.236836060255754,47.047702198143575,82.41271964326201,0
27.202398315041656,37.1204152253959,49.36324244212483,66.57595037249018,0
46.286155455712915,41.72052720647779,61.436670626170915,78.5134295044672,0
40.72978047766012,47.8634545683384,77.44166431385567,80.71502862714122,0
32.49383683710755,39.36433373278644,39.583266802990394,90.56079604532215,0
29.944397063519293,43.01405290144688,52.845641992288954,97.5645609237319,0
27.50928155346959,49.33358218571607,44.125382485687666,80.29380587146386,0
94.92306747684337,87.65237870101178,86.03947930365392,385.56431625270307,1
96.37806806861062,72.83661614310402,90.15538761643921,489.9198103214582,1
27.484611139555042,38.522254196499304,54.48610745109377,214.96330792039655,0
100.0,81.55515891548035,88.17585242114882,433.0944322416317,1
35.689830791852756,42.621686946467335,62.42267628373509,88.71691772494606,0
42.78451862607299,48.874986717474556,55.07858389365447,83.0625366728289,0
16.271405485189362,28.304204109148746,43.541571020991086,48.30786500286195,0
9.74192126888623,39.026203681726216,40.91029153022663,159.076880888588,0
31.941076309533578,62.166589390081064,49.61683752269056,62.51769294135465,0
21.36009230320184,36.92555301810651,59.4741069838699,114.07844296832222,0
37.574951493374854,41.46756380397536,61.34361778401471,144.74165637343796,0
34.824724152431855,50.488019455175234,64.9170678903012,137.13554716544684,0
37.36843897092433,54.576555453420205,43.661095327779194,171.87013861705967,0
32.49308595641729,49.43257717080566,77.35442945680212,44.784406131037294,0
35.95157025436914,48.625963434740164,37.93318598191752,65.0089510298253,0
41.94592220513731,50.14688516982491,49.08538105139538,83.56259693704553,0
18.30083164289712,53.71195612248679,48.66758305695273,51.32857435674329,0
31.08559705776523,45.36768457750721,40.711050391159944,46.57233913227696,0
20.362410737893892,53.413521686776804,14.493050797868799,98.13500939141323,0
36.380511014407574,36.322883912324805,37.82574000117098,87.19321967117097,0
28.714624885610693,43.48433761724679,58.28337497398846,83.82150848303586,0
24.86786433528415,40.074027204679965,54.784864381002414,23.365238947662064,0
77.80305073963368,90.34382832142965,100.0,447.72696956549,1
19.037249131047982,59.25111474627255,26.88353078017791,72.64559186614254,0
26.128693502104852,34.666162191987546,48.715548605325694,75.18942813329285,0
15.214780096325725,31.442731082482744,60.22253833947523,99.88339394340822,0
17.398352348274198,43.036485626118676,46.953482062999804,128.80054127345008,0
48.84586305934609,49.70672536327967,56.66362034236541,114.96866939209913,0
94.32125699115618,75.96015547055775,80.92328842552404,458.0214265208374,1
23.94384460263136,45.204333527548975,73.10702673120284,127.21148662871028,0
21.567534046838087,40.71768252346791,37.70389905141556,91.982200692911,0
17.1283643141575,43.41140273703453,51.589745414142655,151.64208930809735,0
42.77676821898509,39.37236109690763,61.39470064272448,71.18885693648272,0
22.209072606232994,51.10089176401699,53.49656052676674,148.7772433181909,0
45.01333651955487,42.47293543723201,36.90936466439895,62.661153662998345,0
19.93457434720359,63.49408337344834,49.84119873750536,65.38441979819093,0
24.839552717826262,41.42887430444848,70.22456673491884,91.56661125381679,0
18.966333938261265,36.123042365172815,64.24060130701103,61.03759372327113,0
28.196083182375922,43.11033672222385,50.12765014704742,28.22225659644395,0
21.999614356023535,44.84294763613599,62.261596189107394,51.776705959049785,0
36.68340488718081,47.83376386165788,47.293210258672126,125.0030718801629,0
24.416982460539696,57.212087090526744,68.11550933076002,127.8298316989057,0
42.669111491866225,42.792923412997126,52.79751613580241,65.63690734538974,0
89.21238223322945,76.68510025955347,84.53254689887885,546.1489464953434,1
48.38183676795122,34.81461776436614,55.3696856199754,103.55291849115154,0
8.466098863962852,47.84635423955872,57.72886094789945,135.2698560304005,0
14.810891749099323,45.42549760750912,40.769772049133564,87.72909261345478,0
29.457051334821877,44.845755951970105,48.367684554598036,158.53742617043977,0
25.499871420041863,37.648694238468316,68.51672139666479,76.382369191869,0
36.3472146856177,37.06605287195164,64.33282056697425,79.9341328481417,0
46.15582823548232,46.30086340231927,56.14420329199334,97.22179448595922,0
36.6470274533311,39.7275735288632,34.93633033848938,71.44188351361787,0
16.881637676498404,42.019710767438866,56.48102960201153,116.0904937865751,0
29.18477326898354,49.91861998949514,59.90332897076701,64.81304746341453,0
28.026615796926738,43.275653031741065,18.777318753186492,55.01377246668025,0
38.87290837266742,52.21461865769091,71.39457742246945,136.03164696113208,0
28.487007797674778,54.991300561163385,74.37739905096792,177.57854198280495,0
18.298869739406406,44.683219886249645,55.41045621445691,67.2825083829407,0
46.76393027208203,52.221576422026224,71.14140608334147,123.08822610111804,0
30.602302099410263,40.87621507053211,52.32369182480318,125.84181373714927,0
44.94938227453236,41.91807754204438,65.88244641532341,113.76000425220144,0
19.7561235866571,41.70078995194218,45.54308495315595,55.71266920472958,0
31.365353310827373,45.97648457303222,54.785654141347194,102.4871691924915,0
13.1656180777905,36.535609021322756,48.64278752892351,28.148937328898576,0
20.175126064616904,40.48961813084611,50.54245574694777,66.06533854307638,0
47.025146581296056,42.858318979278856,52.6720624892005,108.20739562944732,0
21.607824767773614,36.900183669007106,57.49432601280496,174.20474292141387,0
34.746982328799525,58.29114486948667,70.76167793590284,53.2603643160293,0
26.904535606860097,42.57856469666981,40.486776052491294,122.71978158096968,0
34.66670981966081,41.47991872430331,43.88513064893739,80.39236375085247,0
24.64036554885952,53.202671002916915,48.243027075371515,121.10272464448133,0
33.004743596108284,38.65346018391995,60.680040106659604,135.47370637954342,0
39.96118214911129,50.548977124135654,35.53215264047482,41.459875867823754,0
28.698569456323153,45.78259410742372,71.5280203543401,77.22555231636527,0
29.801263646316883,42.8334307985094,58.777150737461966,104.81399661508685,0
24.754797337202262,45.59126750472963,38.09247103849553,130.56750464542256,0
22.90211007766465,44.92753397064584,52.58753473760038,106.84976190739982,0
45.23238621712258,42.25901015850773,65.16125330809894,29.62851919837691,0
22.075800790000386,42.44026042228636,58.48105479562519,48.39330342194173,0
87.24459972766896,73.60191055587573,99.24044468482315,440.547896019634,1
29.39596270803092,35.696946539435864,62.84671132325229,45.601271453109035,0
28.482149049644168,39.427042377694534,79.42637748063514,122.62954017815805,0
25.261606529290837,55.14174075836401,69.53713004358917,77.79499376785552,0
30.4977368718096,47.32342913395521,40.816053737226106,38.499871270610996,0
31.75211418908512,46.801611744921445,59.56624366379563,134.5530937662307,0
18.51205964841344,38.719228956871206,42.30224282446706,135.3593264187867,0
41.143216946688725,44.71063956633581,48.96508419954377,39.92652301480648,0
26.43326865820129,41.60024878797467,62.72877907548667,138.45441439275254,0
24.619522415098615,49.072063554793544,43.02690660808774,51.161977160045176,0
7.038190468627619,42.671944341050875,57.9112337566593,128.65049985874117,0
32.56029734313876,48.35655283601126,45.42152708370215,58.506952067946294,0
78.74913843506442,75.2787829442995,92.33103498108191,478.5677788999213,1
21.745028032074885,39.46382745813804,52.683015111920646,64.56260298139557,0
23.932997052347037,50.38322158809593,56.420202413481235,87.419984265992,0
22.53421653459761,43.27292903119891,51.96295790783067,57.278114465350384,0
28.596249410946637,36.89808946849197,53.33798773672056,79.22434711637828,0
63.9865219520111,74.65815637881529,84.04095473456545,428.6366474289058,1
34.770408272231215,47.67213918273757,40.266057207316095,137.91283105649867,0
47.38899663797579,48.31201817287451,60.89204735149304,56.08294547731815,0
26.08241850956178,46.2947940255121,49.03563171200909,103.57442954384958,0
10.883594493482429,35.726079533470816,57.04498501111734,43.64062800193061,0
40.75343401956898,37.3791461266656,58.38338648570861,98.47321652134286,0
14.695385902566231,48.35737723686101,89.11112473612552,110.25298611875414,0
72.48718589216575,76.16005653687739,89.69433936148627,476.13181664147675,1
24.741203241047963,63.19176030052208,46.71577760648453,69.09306437358171,0
14.743436854299052,29.137635340955022,47.95966493485753,148.1285112916914,0
21.243817466152425,49.696378737938126,56.559978709619145,61.52950316907193,0
23.331512830484364,53.28484371807123,51.569532940250554,105.22169169713433,0
43.86349397262844,47.79330898452568,40.54804207385247,100.20572562167398,0
33.891591956679285,54.16610870981854,54.673430411465716,96.73053295874023,0
26.419706202530136,48.15858211295269,47.65968253957842,105.76208926105987,0
37.45005312877281,44.176328884650026,42.96037802829404,51.529271700425426,0
50.4206965292788,52.9954517501989,78.86661566505823,111.98081677664642,0
19.103669626576117,50.58582678207334,38.37567377866607,140.74498040135245,0
25.423667506623847,37.15206191069454,69.49929688782566,85.92504814853936,0
32.04758882401784,39.430414063219345,44.88277234404557,111.84738215953854,0
40.6020990749888,45.9463323869117,74.74425942724893,134.26660479477627,0
29.75645407739017,51.481825705002315,45.321884451693016,136.92133748942916,0
41.94109403047372,50.00622073089641,61.479410809061235,43.97320580453809,0
90.41510563584572,76.67985704225579,86.95943326973173,407.68827702957645,1
11.961372074376351,56.09146062609941,51.95548317920322,103.3317855018723,0
24.70667887551629,36.938232236759596,74.64546148002047,96.67277359582366,0
50.979393391324315,41.81379751232365,45.210547297977136,116.0172797542512,0
31.06430227691897,43.56586335294698,40.005221056911935,160.6538986319679,0
38.875039674140595,46.05094957769342,37.512408548994024,100.51605182273222,0
19.674760964724605,28.99955928853535,59.45448116164071,129.5173970504862,0
15.33214809384323,29.92960538969739,57.441784041427454,165.38422047044807,0
34.93560204334292,51.01741550798392,75.13666720543114,52.78006052009445,0
23.878330828451794,33.89908051729907,58.708653257251456,50.14682089006301,0
25.161141659456785,31.168256900758664,55.02164207627697,85.54263214598751,0
25.67441812180379,52.42062817936066,63.970553509437515,40.513830571609155,0
30.693443370362505,53.614920334891295,54.492017252077446,39.61793510120181,0
23.370990824490516,42.349941797507924,45.61993513183735,48.775514185555664,0
32.13293707372939,54.35878351489172,47.06990563896903,124.25698913564653,0
19.08066099604687,43.107433122671814,78.00745562326905,77.3278619161673,0
24.26398227103099,50.74208862156275,42.15615341617795,53.8839222541047,0
18.58310885866495,48.54014802730959,56.18817339384709,48.63207156355357,0
19.463175808536455,52.629334713635814,68.16981965623796,108.24541518490415,0
26.654987641590516,56.314100299053415,37.18673118167889,153.77735632332016,0
13.546012530431081,50.22886588073297,52.18590957824931,42.462931248983836,0
12.061075021321097,37.81824627763456,57.82380602181565,67.44112816437953,0
46.32411303931635,40.508332259087325,44.2409735122337,122.94627853106861,0
24.641985369477023,59.94910711054156,39.75414105301814,66.03906271671859,0
31.504189051435763,53.36871971660697,62.85265760872916,132.39384244477708,0
18.037933759193294,53.1398700427449,35.11427697841234,106.6726423807311,0
29.57176618688425,51.62121709588248,61.30203175914602,7.342205722900399,0
25.438791725258117,43.01793680584087,51.309071325235074,110.98055949973133,0
22.417179311124098,39.57468525888632,30.834102924627068,133.36402287640274,0
43.2579664754219,45.68203877208112,39.98526501546789,108.04190657126777,0
37.75155494034783,29.28089871704386,52.662524544601176,93.36636377351992,0
33.341764172448976,47.66946984206199,75.75161039253707,77.8382246364768,0
38.141517621182665,48.9465151250484,55.379068073830936,105.67512170513982,0
31.989481467964946,47.09360013814774,64.78389000170817,121.49848346900806,0
92.40643713276847,75.84840776211938,82.29777692137925,552.3066129956924,1
20.47683619261203,47.13965898049817,55.190903900795576,139.54104418589768,0
24.464117582920053,37.94461813200256,51.24485239371983,71.67255354561671,0
21.97722730778381,47.89099238496458,56.92322628901092,133.03410679310838,0
23.479111114069394,34.34365977202779,60.12851254564956,279.16337004103025,0
41.63163752154959,48.36182350984147,35.82856324997852,37.86175465346939,0
30.48521627944827,46.87490546506433,57.64227177046159,52.93207256916374,0
44.196030045136375,47.61473578388238,57.600635705474595,116.83891130125866,0
93.6292155676778,79.73923694791904,82.75398991488689,470.0126097564981,1
43.814540786904864,41.04457668514165,68.65429331163246,119.17417035274006,0
26.12298440064016,39.26976481337945,70.29126710481243,123.19888684134442,0
29.975961590811462,36.000806201630596,53.3727851211894,60.34230862415373,0
36.45484181141075,39.68720510767659,38.86086655521793,145.5564244592019,0
37.408243454201255,46.01799052184032,45.39648062071148,75.15363026219084,0
43.93454527524432,58.818550814215165,72.07917905278794,128.27901857882398,0
42.81016361735113,34.4542617886672,48.97609647782554,162.30717087288969,0
24.153822693428005,43.41935275646771,80.26103967201402,124.03655129661338,0
27.735159011501683,49.50886637495076,67.44406389242991,117.82836560541467,0
32.342147325365204,59.47758229054077,38.1193668092853,63.55319759900622,0
33.227185603380896,40.342043913093775,71.77413168437798,125.68180367574246,0
38.135172173696695,43.46793623785062,60.7171620006055,68.76780193684026,0
36.29628841923612,41.716084020527134,49.00154758593961,91.89386948711403,0
39.13584626233249,44.13804495253412,60.997859631685714,122.27791529362013,0
23.530632222944263,45.63765524379139,42.81302344419346,106.6246050038689,0
8.761042756901931,33.16529860675484,52.40798294112264,0.0,0
38.724573282801444,47.99470076607032,41.01757600041654,77.3331762815424,0
86.55137181507148,71.6890415328754,89.85169265999018,387.71031992738676,1
88.66137288954869,73.83381700647375,100.0,331.1047995546106,1
31.220098146453616,30.47751973717542,45.35878870994491,114.4052380511025,0
27.587423453814576,52.43997585123252,64.16559726835912,145.3182465922455,0
37.796605322693395,37.42659941900807,43.95817322250777,164.63926719671719,0
14.140166877620416,35.67286156473804,38.90488327315915,143.03736490803198,0
24.91859802352689,43.40395991233198,44.94612326598662,99.99473255092249,0
30.19147777415752,40.74523275169063,69.15115790295076,95.18912242696936,0
42.06508966508357,49.87426003456226,69.44293665440152,96.86453201082428,0
33.60647891435795,44.73619015480433,74.28422809899138,101.16697707072383,0
37.3463754545933,54.41397821826486,53.153226712172376,81.92255447976038,0
41.85704154662997,42.12637062089189,60.869566679791454,113.24891039439505,0
15.230750724680986,42.28002245656158,52.931287602289224,84.56267493937743,0
24.494480682915125,35.7161648663559,55.71955429234848,106.0347051404625,0
23.137208642449156,49.405524434002245,44.93651591680563,67.51371477863731,0
47.473631979155584,51.04848987497263,69.82518130908161,69.03897398549577,0
22.83177679397195,53.80333339451552,48.198240186371926,163.58253331450308,0
35.50052099024552,53.30301831829609,43.22863927583957,104.11860969858442,0
54.11676675578421,50.83225601889127,63.152576476142876,129.42267593210286,0
30.005279588565973,49.85252321161093,44.79060701646216,111.32899834442874,0
80.64301288529361,75.41699867523927,95.60845489985172,435.3271691528011,1
17.23695583461664,44.45524994704469,45.842723758654294,67.98435582813241,0
32.57550390722764,49.60434223305261,61.77731517176981,159.78924029077217,0
79.42136273202033,86.05584254779055,92.03087947337993,406.4694998097574,1
29.379959906339682,44.64439447966326,47.475665778035264,80.44891820346372,0
81.55244959611818,88.98468826899295,90.18817253980014,494.316325269165,1
33.31263431403564,34.13941425658749,35.76139784063085,119.18042251765213,0
30.870470682381715,41.77181187575767,51.68925134271792,87.63024369469082,0
29.60444846143345,52.206083891489286,43.32606528900452,116.66636242194375,0
30.976760985488315,52.20589170668728,58.271602171832974,75.81276599490356,0
95.04258551624751,87.22168742557875,91.14038252189924,319.75926712677426,1
40.807807255546216,31.31465860777202,36.10789938721644,73.81740233617079,0
25.467515909769865,47.815876540409086,70.78986208019468,167.9897096879457,0
36.659242520544616,31.25697596512718,53.602139768427584,114.32938376057811,0
41.05900424357309,46.35384457032802,61.162256431056825,51.37827151795772,0
22.091006183324467,48.99341131604501,56.24595082039237,53.67992773911071,0
22.226285151540935,49.092360667407185,46.51908182029176,190.38408110969914,0
41.73124637586641,51.71171414527371,49.942204034003645,136.69466597911392,0
41.09699841956223,47.449466006745745,55.89623011164263,90.23139839297323,0
20.90612545205261,52.520331033391706,59.71322035661349,66.96923618127367,0
31.598563919974005,40.76565265250278,45.54733080081377,107.75236033324472,0
42.35811620006939,40.5955149532939,53.64422652272067,50.83315865926731,0
18.003024716346918,43.724875912994534,64.02455660342595,79.05257869292423,0
26.922217650469996,43.09312988377419,42.436938998717125,68.49794237485173,0
35.868570938002705,53.26089721619069,41.57771818946041,122.6098849589892,0
27.00323351993213,58.38403828336888,57.85450187618641,67.84787279611658,0
31.764415552772252,39.42020503642514,40.24605810750295,108.44499107378667,0
34.190190093660455,44.689469811419066,34.81637459217507,139.51337685231974,0
23.85877434991684,41.86485648547629,56.233770917860824,113.07409625043738,0
26.978194130173787,35.75945968583889,79.67902984849115,115.73513377878851,0
27.99647422205836,40.79762938695459,62.78256097159597,157.97169713615304,0
20.114088928490823,35.56276068200757,42.84777323957809,110.70785017434648,0
40.235306441853446,40.500565319700364,48.381811238764236,141.55358847928375,0
27.81346722564964,50.07556731113256,45.72835732416279,92.43768316590501,0
31.31927966771957,50.67182031062734,62.554700392790025,98.71256196222878,0
41.254347844147695,35.40981360844899,61.5844057167388,88.85340914301649,0
9.325578999601234,49.79912822408892,54.837961064884276,39.46882123368911,0
23.995764342612947,55.188041387407274,37.99811766460972,99.3620109209292,0
86.50936358007999,70.8149612255488,100.0,378.75238577181403,1
14.768130952162252,44.93572352630403,51.405407065609694,89.73620656841906,0
51.69936588080543,47.01090759819199,72.17906686256933,152.23106313150083,0
44.898634386020824,42.41476860889268,69.52199314438383,129.48091422225255,0
85.92496632337146,74.25385012982653,85.41858828000028,347.812693373668,1
35.5623000940066,55.093596813668206,59.83019451682386,105.01634717903377,0
25.881766310363428,51.0212784687661,47.74337360037426,98.87332366201795,0
30.886575909614375,45.90557604692673,63.26455293465723,104.1653355208536,0
44.775300810552615,38.69037024071978,63.56652932908165,99.53559542179826,0
28.529979983715116,51.66734709866964,51.937753941828596,67.669446997323,0
14.624152035508246,40.391320974416885,57.78007221034073,110.25443934953861,0
23.743227125037876,41.11488308919123,53.072160563607106,88.54794388423251,0
80.6447918433687,87.18121420806746,97.29808888456925,466.2958983521859,1
37.774073527645115,45.88521453342483,72.69396841084618,146.13311053587557,0
35.3629090951719,51.610696559847725,74.0427958843971,125.17905988457908,0
19.93982618500298,44.43357863636118,62.26616381348998,71.00343384938013,0
44.473056993918064,38.50213912940803,70.22569187580348,2.331720523900529,0
21.680450825055487,38.0849386290216,57.07837171250497,120.04996347228811,0
36.045153263553665,51.73752020060071,53.448430515573904,130.68200873970838,0
18.466494894040405,48.11427126506919,63.50937267559941,121.45160250261874,0
34.46872500802698,47.057645715602135,55.231490564487316,40.407877385393036,0
40.240625258114626,45.26279289040775,68.03776147468459,143.8830122565051,0
21.818011165776927,43.93622832378773,77.65150144751206,102.173611765675,0
38.95193220027732,34.279252793294496,56.88815881207693,53.14067480116055,0
26.57121138442436,48.017067844910535,44.45801450836594,95.53924413976829,0
16.028818148870087,47.800000039294964,73.81349811754797,176.07062834806177,0
22.044429320591178,43.07749375443592,76.91976495174325,132.06558867614768,0
33.94671529822981,40.11596767271229,53.50338210116217,187.1021675472309,0
28.701793002665738,44.317322313780636,72.7326435436249,180.11788336305145,0
31.580534899201318,36.425000779379644,73.52911196228854,65.16934494237046,0
33.19651825918977,43.49531613344734,60.438662827394765,75.71691234497202,0
36.549755842216896,37.455954779458786,30.38737110575374,74.16367306950814,0
23.265093757561313,43.821305542690034,42.11568584563043,30.329435504667906,0
35.06240989305926,35.44870402467903,41.97791585997106,89.88479736886504,0
81.91679218802433,78.97590611542485,90.31560858280527,625.0138339795839,1
50.60747924881987,43.89186165393235,58.43664092746468,157.52782340834992,0
34.25843658629829,41.54066983853161,66.31831964173352,153.23215662559448,0
45.79212815507391,44.193430372134614,44.5973849813984,223.86355584570197,0
15.51986099583756,46.79319423985994,70.23535915119811,154.3716569734604,0
25.250963433774757,45.65466447507027,56.01967555162992,28.152089786617942,0
29.444523011033812,40.42424601553807,40.44811440852023,104.29143464386314,0
35.578103063518626,47.78633751556484,56.070378359350855,79.79930917019294,0
39.35678393147461,47.34106960393965,56.44761713072145,112.07167722611491,0
26.568077245025894,43.84443604497868,50.29324466387172,112.45046798670019,0
91.8244836484129,85.64767790274894,75.95542927184253,405.38748002026927,1
19.74247316359723,51.96190765019135,68.34750939870074,62.36256189428458,0
24.958201689923285,47.700249777271864,72.69378408853906,76.43283801209412,0
75.1403648733582,72.11695666131205,69.45405615718,449.91583877651516,1
36.33661024774059,42.74773107206854,58.68147954953742,109.82112688224673,0
27.702003694248063,57.25648159349,54.16177758179629,74.21969192497312,0
13.934228992613207,43.193940246616734,56.54619545627097,53.32328794514227,0
27.78486737047876,46.36468564688531,47.808366536515294,121.30385950456261,0
28.903901960741692,48.05364993360739,53.93714719277452,107.8655096700098,0
30.25210867540082,46.76536397964001,38.90643960813147,124.70482660338601,0
77.31991582249736,71.64752533484805,83.48511660252774,391.2598127817346,1
48.0930634973311,50.36471933600679,54.76563532639477,102.04305217860313,0
31.73180925851182,44.94320758871775,54.76818034873797,114.40065860952902,0
22.1510168691776,53.89745728204923,45.87279202689833,83.99030868272457,0
81.16432471239634,90.02306143531023,90.59603457896651,449.9840313881637,1
23.070948022040927,57.365582602293436,65.21691924115186,77.42788216757495,0
25.632357627617825,40.953205788990495,56.96137295940973,65.74847505358878,0
43.1759753560796,52.17942479710808,86.58863445612998,96.14554857647107,0
33.868085206892026,43.459873806382284,61.643528912298784,122.39247047723043,0
10.329302964128473,41.088429267805296,51.02200734040583,134.00017071878372,0
40.450884740847535,42.28659117135727,56.495960720890686,67.70888919958517,0
48.688178405438535,42.62328890333809,64.66287829485289,90.22731845441405,0
44.769344261182745,39.02323838746936,73.11428791238626,64.57057597464981,0
26.160287280476485,29.461554367837046,43.41007874924843,166.51109156717877,0
33.21357215450273,54.04442234028566,46.53354463265847,113.1425246075006,0
17.757017637106344,53.59621146725694,65.73916073878672,148.38125604545075,0
31.990596955734702,49.84938322294202,50.970568732243,85.91801375870833,0
37.441919714999365,47.55775969347599,64.15770760851588,155.75698122164292,0
29.28400748141933,38.812917734014896,59.73708866929592,142.53742887469838,0
42.20282896417717,46.94261101217323,43.93336867438342,65.65655097480057,0
28.250402433045913,45.40859203572527,29.768791696947737,131.8673664036648,0
7.806996272524649,62.923520715489786,59.87020320031479,65.09954893577455,0
36.86260190374514,38.7886937880096,42.572751327455265,75.04639005250958,0
33.92415967178767,35.58265158809331,46.728680522171345,190.27009888675065,0
50.740826697499735,41.55906642686749,62.667481770552946,97.65571696870111,0
27.808994711911357,30.39871485586664,58.972466833806564,122.53639803288529,0
46.77700814076441,59.592990448617115,51.347861547352586,109.85391811793995,0
43.764964500195376,47.88096003414997,43.954134547125065,45.189736431684565,0
35.91814133741378,53.78744846201933,56.23228620098305,42.940673735153396,0
31.486674572021116,40.98142196038911,42.37204636476166,90.7654355520826,0
32.39404500535377,42.95120178717306,55.062463142739354,76.65117417242297,0
41.792971840638266,49.39324408293282,44.19807726551604,26.24988164829481,0
91.53987984616255,78.82634626682842,92.80093164195605,467.95815738739856,1
41.081828167375164,41.614680023111944,66.64586151536056,86.6090670118069,0
22.923305343812192,38.412841095335345,53.620588822097886,101.09950533443251,0
23.07090404739346,43.61263026534196,56.86613924516273,110.61153379135233,0
16.473297141564657,43.631691494898185,43.33197995420574,95.27166217716216,0
33.41755975777159,50.11671283463351,34.489283209568846,75.7070781811634,0
47.61188124867374,39.9125810351631,56.334680018090296,112.40615304406028,0
31.98680009547407,46.82536772238144,63.72244628493923,126.12031753239616,0
37.90625599162769,48.2004914458476,61.8827060425291,123.46060630472,0
21.317072681236336,38.013337605616755,63.813110233716,95.14051578238356,0
23.544279279646048,40.5418232774273,60.79255312667365,99.78677706695501,0
34.754306825266234,45.015621355136815,64.03856135699388,94.59821592548903,0
27.918831427274604,47.52309173404941,54.664367026156214,100.63139093442601,0
23.925277123796928,36.572604457235336,49.81454748244696,84.43459616093745,0
38.8404539636105,35.371423773018805,40.08998995696735,80.49821774373629,0
28.061738612271967,40.23878566556434,50.93094046567808,166.76987769506,0
19.530890173180605,47.066628025284224,58.500792704539705,153.21374029958875,0
24.550809131910505,44.720739313738015,66.75111693144355,164.9537497707703,0
40.47317706621448,58.94425645171516,43.92313124421307,132.06420638905485,0
44.558223221467664,45.38639469771063,65.0995870691809,129.72038776200307,0
68.5273149065472,39.12775128181985,68.7770903967692,118.37900235876036,0
100.0,87.70746460099647,96.02509602644453,551.8600653910104,1
8.471094070475171,43.82218605858721,73.07376688929936,21.93029563958202,0
19.407864781110483,48.35552667400596,34.893034604510866,124.39250079499011,0
44.205042872710635,38.20256579624587,49.83074069583539,159.44605300573377,0
27.65379430042586,50.78482322131367,70.04481743463681,91.8496194602232,0
28.687430329076953,53.395097010451096,49.946437182386994,127.36419963738965,0
35.69767280232204,32.35071023547729,53.48003167182804,149.82227258734503,0
36.713400764504655,51.702760142958375,65.02400122437803,109.62323030906369,0
93.8425112119463,92.8954265233008,85.3425776485541,515.992654329648,1
55.733598032498605,36.48393437105003,64.33357157053258,93.9480384092117,0
38.29732417879175,49.866156738310984,47.92505204876647,134.53656286246442,0
42.96063061781396,31.83798112601851,73.11088023793,197.0434245541221,0
40.701502383164275,50.6648528876939,51.66256162760399,78.60582708853198,0
46.39964529371393,46.00398596800245,49.73887159341672,125.15756438785894,0
42.119439853864,31.40902539565845,42.53750971557093,136.76744614707815,0
34.63288530118106,47.76919184334059,68.32813220864911,142.7481992053847,0
30.819955564135604,39.022469640779605,48.86488650556567,33.597274023772144,0
18.75357908162131,31.601579505887727,43.90877916885914,67.29673652889235,0
22.57529414301952,47.362374523084796,41.64323078575387,142.20218195770207,0
35.68103205128646,50.66760271103769,21.604474811881353,148.40263732702374,0
15.76042847549855,55.018064824332185,74.98302680733634,38.0566786551443,0
32.60280506582886,43.85095411094758,57.14403730262887,75.65632777722885,0
37.68839675968897,41.94868971636697,55.92079431271548,66.17486048042383,0
12.54292567140348,41.83116896043327,58.93151460794098,172.8957133020559,0
83.81155668079533,83.93822053793224,80.02506324194503,494.82473152629916,1
20.836790809265803,41.63597910758268,45.89843292482962,99.73584358066542,0
33.47561613803552,46.74726620746798,63.41506767332043,52.866155007726185,0
77.00650477630674,75.22312674024356,99.82154298425722,510.16516806001613,1
28.868719474842596,45.639203100279445,48.326025166936006,120.70883056108289,0
41.460301441420654,45.02142081717001,56.98461722828635,81.9732728972797,0
29.519114926692275,44.15588968068571,47.36491798016756,99.37811385425692,0
30.176132519336573,65.94967399042449,49.78215264560663,69.19523571072988,0
18.16741487334225,51.0814075041354,54.36693870399081,70.0796205359786,0
93.98216992186673,90.28717749443314,72.48960072494738,489.8632337374979,1
37.78936503512114,52.604664978440866,55.655341394920846,63.062831771144296,0
29.72695460490068,49.38504270717761,73.23203621308772,71.0961287439409,0
41.88913371474643,33.86900718523791,55.65633838449551,104.52640045571133,0
38.33333911780307,39.84079447193112,51.39356817785478,93.76295610068368,0
13.070431858046145,40.32299866170563,75.09124919285357,76.78579988589075,0
11.683177527939739,47.19606228027835,50.61063105637592,104.35139623443185,0
28.790518513922184,33.67539570329264,56.42020078786213,83.77650573009285,0
22.85319323009568,40.58966098056161,44.690748711398314,92.31581277481295,0
41.210306673244716,38.71380941572879,52.514059730871516,55.91661740895738,0
26.572854834732304,33.91488127148694,43.280556209637325,78.2435978594697,0
18.463077186601417,44.08439584391131,69.59398932138706,132.36217156351114,0
30.72036861283745,35.84556404396638,73.90864540448518,45.68707171738232,0
20.793264069206337,34.65017144100841,76.38021743760221,94.96829489366681,0
8.792998473649337,54.57665965770428,51.559339662159246,61.30981048075736,0
34.734718990352285,39.8475544257204,47.30666015016676,91.16582879481794,0
10.217747506251897,32.31607463706562,40.3444313847373,19.610665325251304,0
42.788658133133936,39.05626604306843,54.50007971942399,164.8063473982683,0
29.31876574832047,47.96455511815426,67.23914326513305,116.49122392574,0
41.373145423647294,50.95503576122453,56.94667860278598,141.00538418230326,0
88.70768284532974,84.9166718850368,100.0,493.1744158890493,1
37.44185710315035,50.49741922107198,58.93111277371549,67.8648517133484,0
34.523717962497344,42.507355659666615,48.00252602410842,118.92786332900904,0
90.76285998714806,80.3542526673518,83.1269112891395,400.7393609956606,1
34.96714153011233,48.41113665931496,45.20908557821736,106.67870493336653,0
32.00569197230943,38.010914029862974,83.18930269630039,142.24121486262854,0
97.39134362734563,83.71097457054961,100.0,428.1170103257431,1
27.57301252174718,38.508388960128464,56.16900811677175,79.77517656323246,0
24.537555517475173,48.992948213525565,41.83427356275443,32.71730865208858,0
19.0979159320057,39.66506586040131,61.32926382231996,92.49611999633552,0
75.290302408214,84.32217314396344,98.94898738158808,376.4405733023266,1
31.450637459593818,57.827928682492086,68.05710955850307,157.26997936964315,0
31.83849544753695,48.567824618572594,51.660276929481086,96.91278895545214,0
50.99721789166515,34.92895929260192,39.01704267530696,87.40158350181021,0
12.86865470909122,48.403293540933575,73.44876076821149,106.68011686782954,0
80.73163730092757,70.8792824149921,77.49913386277848,464.2973616616901,1
26.375590585968677,31.22872455041804,56.38716086415889,113.35780191996157,0
42.00531658473872,43.421546036657546,56.000144211701105,50.505852398433284,0
32.30700905718683,39.76781042229251,58.79305386530721,91.2189367021144,0
30.822839892754242,41.4026956134581,67.32472512247621,83.34738970623889,0
46.122206282554245,41.66414003746531,71.59762776133783,136.9930484950695,0
48.70965175371782,34.745176777265776,73.65138929933231,120.46222114088019,0
21.22017413243439,39.98398558103126,53.39464752974512,101.2379235307132,0
58.14654444472553,60.467239032296646,40.95539682274792,97.06107781743128,0
32.67050265869259,47.0367531109621,67.18470794410268,136.9234916980052,0
32.935579321666296,49.80100473025893,58.96735913308487,135.02625452912946,0
100.0,81.67579060020071,82.5602664405438,438.8379110899753,1
49.01190685753007,41.13417123521174,69.26567489431788,94.26307134164284,0
31.85688580418739,54.6609725720796,49.296118987813735,137.8275614998862,0
24.00607354555978,47.04094573677381,50.33824111874223,62.806082064293975,0
29.68941067129098,55.05500663691207,30.261722654653006,105.57809864116788,0
14.178232366538728,43.0930116934839,65.8093015814867,105.59301085304213,0
80.56852252926205,78.27647732841533,89.34978061876701,318.17820471696143,1
30.51197901881085,36.7828867158578,59.859296245784115,124.06320181608717,0
47.95211355912322,55.001321134257395,66.59350390636374,167.43480608886094,0
15.936825363281661,51.74909118920385,41.93638188329154,52.23365375634734,0
40.11463035408356,45.161564612652946,58.48045363664682,61.500046603227105,0
38.26047171441506,32.60663203556745,55.47483668960378,84.79785397598773,0
26.429707991933906,40.236541665651664,68.9517767042343,40.9754901446824,0
23.87211309515614,53.33760098341434,47.89748720388289,97.90209201403523,0
28.762673199002432,44.413518300776545,57.7655185675316,105.12395537435947,0
18.456373317670156,47.54102999364254,45.098832400653706,105.66847161270034,0
33.37602662075202,47.28798780427306,29.064353364371655,98.51967623707066,0
26.751686164913774,50.4258058511236,60.11093160521693,62.75338956892159,0
38.949243769444415,45.65210836389819,49.40858826313539,79.38424807538317,0
33.22082310766986,44.00803894808723,53.94935744255872,36.31966171525399,0
11.406632283399425,43.83229681511125,78.1161448686536,58.296673858646955,0
33.43618289568462,48.36521205837589,49.00658568537744,151.7501262346384,0
12.926420424070532,46.9742395344654,66.55871840672727,158.61517709994072,0
24.772769794809605,52.20138293996436,51.78681377530186,97.96230883746388,0
27.311113094451695,47.391621623668385,47.49072347521869,159.37736153760915,0
37.60846654311478,49.98737235103663,79.48415918687787,87.70840645301128,0
86.7985338935318,88.31616304653318,88.2715030810797,320.7270197089255,1
34.49473912832307,35.66796394065954,64.16071695498364,50.29519420220339,0
23.884821970080516,50.2262795522151,47.46951996707113,209.43840637533955,0
12.392372408441823,32.41249682413625,38.77950961570424,184.48357309011635,0
25.04121827989851,43.613581657467655,48.46854048213417,71.60629362221104,0
40.35249334723753,49.81198728588553,34.285432456505326,41.0741649341388,0
35.114995753618615,31.451990282003358,66.7360357119809,109.8163896708536,0
32.85865390724905,52.644747487876984,53.636942636547396,126.79472151619288,0
20.241267470226674,48.62671191420983,61.669912330901525,171.22554397910832,0
19.376064718531204,45.767001060545006,60.84089802589672,108.03297158697895,0
22.979469061226474,40.874674380008464,43.77002524251321,121.90106121742481,0
92.25318708647427,76.61080492319175,82.19289932934404,367.30180418129595,1
38.55555659020712,45.85291124892718,40.08554096724238,106.82821931018027,0
29.76447849125762,36.936017166946,57.31142977104324,0.0,0
25.205070326007565,47.25753262202933,61.76408385124188,87.66973480986454,0
24.481418541075534,43.40596269614973,43.01715536221072,111.1281838408392,0
69.26237706436326,42.06725588135136,42.83672989174637,63.66634993168059,0
31.847405788957243,37.94492460744509,47.94269681290829,145.97908243314117,0
22.216952745976872,45.684790222955456,53.17658651833617,98.11765836902454,0
72.68756062743626,78.9443498143669,78.32462036886533,332.28768358754667,1
53.638724946193605,49.66639518419824,49.00957602068884,109.46587650691399,0
49.764405845154855,39.02553163957061,52.30384118044156,161.57426090402774,0
32.537396614945735,49.83637670174535,73.09972898497061,78.50374484384744,0
32.38368982734785,43.4592038812162,60.38095899374932,168.6047287271512,0
86.9978885429105,75.29111130589617,88.59881449772494,368.62734379701374,1
31.353383478922908,49.59850346439462,61.10854173756573,55.48943686715782,0
27.86543220649562,52.41965118833663,39.35196186596035,109.54232282558189,0
28.093175992366533,45.94894391490296,57.620065005305925,101.08708670689856,0
28.51030690232703,48.63909712671338,55.89128428228174,137.46026424228032,0
18.488462634471308,40.542083500107275,53.06457479606626,55.2842264511917,0
92.96626808125993,93.67975634562013,90.67646107630304,420.27190879114255,1
25.225892938071997,60.03807804650871,64.46504852662537,70.76660401209317,0
15.519156585026758,45.97051628597059,52.02454951206533,56.6561382130985,0
39.40771187988216,39.93224688672549,50.28728513889019,110.21312686980178,0
2.956083683972248,59.36451317995355,52.47570875467706,165.44420442385277,0
28.782524916167166,38.74539435236504,65.98483564581925,0.0,0
86.65453089433123,79.08867526308559,95.62255021778763,370.691103904626,1
15.214137542201584,47.72723166864392,50.20275386268331,74.53077763567771,0
35.55604466003449,54.731787292583924,73.6769924268612,122.02227731304927,0
38.21902504375224,48.598437866973434,51.00342854829373,42.11128882968167,0
27.231867001110793,54.53492682579555,45.16880242972754,161.5306256364814,0
32.810092502818065,32.701919104189486,50.749376609000315,44.77715930212015,0
76.92637478050088,74.3990826684043,81.26469567332755,564.9564426169458,1
45.73019725214857,50.187516464776,53.917085422716134,100.75184767941967,0
78.47052662499108,73.72895178093898,78.39485014143123,403.8078490637594,1
42.657078408647,48.761884019742666,78.5626340025258,79.95048169999687,0
30.685629748060272,51.61648074228038,57.12114523900317,69.79502406205927,0
27.353431667620438,41.03523786149694,62.5070151241,155.204931583416,0
32.873289044030095,52.8504944829495,37.5274420798428,121.13079755660422,0
94.51426762751714,65.91237758105271,95.66666171748113,494.8564129042511,1
6.130701298043273,44.32799536786299,69.8424627222187,91.52357626090075,0
33.67481665474305,48.02646899940238,56.71226094641956,58.01303536972821,0
24.512750922590385,54.327860273655894,67.8314044767422,32.2384287509838,0
14.462412339839357,44.53485717283381,46.87586587851588,8.025692150517543,0
17.209692637802135,53.988732866252285,49.86225602808635,136.41844409807365,0
35.01782736167545,36.8227552050486,51.10309677901631,126.37607159393981,0
34.13434903223701,50.129803572752216,62.4823095859103,129.8549296730149,0
36.979032725390276,37.10915345212097,47.91733640433238,89.52849305503615,0
31.10922589709866,37.07050534112578,38.60561994797299,237.15641912032854,0
31.98084760767855,44.03041428774943,67.54552288578704,104.50546727302562,0
89.18213393893375,84.78121234817075,87.87180007669104,357.68798084755394,1
20.17696419622685,53.248935222946045,60.78361392463471,122.51916727619424,0
31.398872328391274,39.74495765855031,61.026816644223686,67.0820549655057,0
33.411519748166434,40.90881295704693,70.94375693853573,102.64564460596007,0
14.36809191303343,48.12575554858498,57.134900696939845,127.3447324774533,0
16.198985417851087,39.688643194452375,34.94623402245581,40.64776579866709,0
21.027456285141685,44.65083892110317,79.16265153578439,134.80240867629936,0
22.931074320126513,57.07985654970339,62.590993595706365,93.1531521903386,0
35.65509645631544,35.32885797075493,55.58913677566806,0.0,0
32.44966571108723,45.01133321949859,57.98672762959907,74.2451195556659,0
34.51225319318508,44.65819114846408,50.108927864083654,128.36119101273215,0
89.19891993380104,65.8807279478658,89.83079366476726,513.4204211681188,1
27.409578541792968,40.01976464141406,58.071725757025256,92.2367947066762,0
41.195749114345766,51.77478216817643,51.31541990889878,100.76875408869081,0
33.47581705361671,44.90010752935428,60.301127795793754,16.072501469151934,0
18.2776624656336,45.97987467424948,74.35336279236446,57.23582835336147,0
25.476936807509233,63.00396722246478,59.79995863532328,159.67772236646562,0
34.64369863546574,45.37728142923245,46.6090712292511,66.19079578252584,0
21.53684022534264,49.263948633374596,54.15964267830346,169.0399200837735,0
41.00959634998571,54.74427126110964,27.50448631739122,89.64164660929947,0
18.041169379648156,40.42575972992635,53.221325333882554,82.48711508553392,0
28.147123411222918,57.01135341792886,64.18524993250018,82.8866313712851,0
22.820811092523982,44.41837470579772,72.59003174323556,100.8011899529739,0
20.942676991373812,35.52371727703169,28.018041586004134,48.42471643586428,0
91.76836007111527,77.75053007347832,76.01713060176426,492.2901642055654,1
83.54148239426405,80.68558516706753,85.80134097554219,453.2834549346727,1
25.636141094734313,48.53890497250505,67.8225947014636,147.6279847022002,0
33.216978061960134,49.289535191083026,48.00201139292852,127.04414553188599,0
45.16394055253573,53.97956478187286,36.38768581620016,119.48346236462376,0
79.35211867600871,84.19829408058067,87.27402594128702,468.287793118904,1
24.263379931197637,42.86367808163474,59.574935861945185,151.21408083348544,0
83.63271957220205,74.5071487986088,98.81565844318767,479.41259372731867,1
28.550954209185686,40.83847412835695,55.86814260783018,123.34917446087277,0
25.127970788050728,45.30121681324897,61.66478632782088,72.25214030142382,0
85.59745311563391,60.99621363983348,95.61241662463269,593.7997425352713,1
34.875602970867185,60.30011431705802,50.96555515999883,94.69272881120418,0
33.67649292991422,52.428793809584825,54.51955350974681,108.03702826260984,0
89.3545816381259,73.05643652152347,91.07800427013443,362.55506576387637,1
15.698586220393674,56.65746342336472,61.88136992026479,102.31016586668912,0
88.73057319346634,77.49369699088385,99.67183853465471,482.0960383693118,1
84.34470163419513,86.70759347476287,88.05238373309308,468.90119233721015,1
44.50927548279212,42.96690962592196,30.56916915874269,156.00399247311256,0
41.464408704007276,60.468989660239245,53.08805706988779,101.08042217207625,0
18.72503901046961,49.5101735007574,75.93394659231866,102.86656559003406,0
13.619709425639833,47.93093204804658,43.600051557763656,135.2405338866081,0
36.820694900626314,47.99573838586844,64.9953453139005,58.35979126864852,0
31.920491164900316,47.51817282588752,59.30701100488791,71.76783779537402,0
86.61428085896763,60.31917819936774,98.15024470731073,432.55543556698643,1
35.48319627554499,50.884246989483685,37.63142399844292,124.78626767052592,0
30.953441994413083,48.9110668586114,39.65516974216892,79.42924113717436,0
15.617220216826333,47.79459735057529,59.77033307887785,146.34261971289288,0
38.86191188584796,43.157871095581214,61.10515997259165,37.582661287798786,0
27.694753748197492,49.54217348132688,68.11045400329964,129.60313462821145,0
27.412039373328977,38.496045616431694,71.53569200710497,96.15422848302042,0
27.373404796838322,45.46052054054274,63.253166182741225,12.928811961126065,0
24.164006736539953,61.02153462616202,62.747176947514546,54.69570837914985,0
80.08647665499606,75.46974969585577,80.13298621641056,392.5599466145662,1
40.03532897892024,47.923765265675804,44.83031331321922,130.71374778672447,0
24.759116020654076,35.316614561198726,45.04815550766356,123.68411932809965,0
33.72105472606863,35.79191085065108,60.74617087861282,82.14182086979808,0
19.574223053294237,44.9871986880913,53.84015308458231,0.0,0
35.861658003927836,49.228361514451365,41.04396570659867,157.8801847034024,0
24.827115498996278,57.49342527429567,59.349398579134316,87.23748320861199,0
30.438114719791095,47.29467751501886,57.94598418153175,82.38697261295238,0
36.021183203924835,45.546051929352004,73.06235198654848,39.67323162511289,0
12.687986965550746,45.61581482990418,50.208920248648454,34.83163843679786,0
35.58139514518506,33.23390678533316,65.96453982811109,162.6181863983645,0
93.05299705277211,80.3465284235216,92.99951592252704,460.0304793611472,1
39.29409984790816,50.58996671177413,48.41433972667398,134.80712698987082,0
28.630045105575416,54.743446213759434,41.907439393671105,140.44388022347962,0
31.255764534715425,43.61665672542824,76.97412562679065,111.59320167482846,0
43.53872374165413,31.354397712743037,71.96932468728139,129.33392028712723,0
25.83805595114746,52.151446496793255,45.89601758148674,102.65098949376939,0
16.343825958098506,40.88583421476071,37.544623017074066,112.79292250456263,0
36.227112239002686,42.17853892374295,41.60722988713726,73.2488704487551,0
42.00413907944425,48.570870528750525,70.49762666878436,35.295141654953994,0
41.39878561129046,49.18669408533226,75.13150530587362,99.36889244401317,0
37.604146561442974,41.10008599199438,59.42197104206846,80.46768853154033,0
32.673923140719026,44.26522604705463,50.19856406438643,123.33619663192763,0
29.677193889505297,59.69585264351757,61.80661486520647,59.55851479817078,0
44.77894044741516,39.08392229101689,66.77379658684424,104.86012039275738,0
75.16844074822487,73.69225371971586,75.27655793184562,502.0830715016323,1
34.99685110302934,40.67287685921461,49.48473641491024,102.01884214733846,0
16.51952888059833,47.4241889715742,46.19930354903058,86.99614114116298,0
26.73303786813636,47.08012016665755,50.304401321219466,109.71610162845006,0
24.024898053083586,32.711934718825034,19.637149368591828,110.64711460816721,0
39.71570950954355,44.901307238653295,36.64271103868796,129.54264156808244,0
26.826495077574652,34.623222491029615,53.26614590266685,84.26430248177057,0
28.92697855995771,31.3686026810143,62.05788717323038,124.04947152606692,0
84.01875919753904,93.20395246646004,98.30568376852867,414.4877626872145,1
34.283166923752376,50.67019066954281,69.13704842274609,38.995774359425575,0
46.49480894323921,50.27392231394765,27.771072724571184,63.96753035954545,0
27.186724428817865,45.88130971876471,62.74957169924454,117.5794331198306,0
28.34368589682368,45.878840106558044,43.59816963937753,114.58407214819327,0
27.86011155774491,50.864813746606366,52.111308352131395,121.43427769954552,0
39.26177547531641,42.256862642291935,60.05496854429176,72.57781714065979,0
43.07142754282428,58.61636551993853,77.10178731263929,71.00322628433592,0
40.39904687396076,42.50818140929917,61.59489179277333,110.0172113200418,0
33.326075103241976,53.13801567731488,63.950278217182934,150.5620068202866,0
27.767977453651948,45.5770923664439,66.01326580661801,81.77350007945357,0
35.97400069849858,36.372981325851995,39.84444475759213,62.615643496390746,0
32.14713183170526,47.8569513894485,71.2732805705239,145.65818313285084,0
22.47843594409417,53.16984551602308,58.85983191509903,141.455436343481,0
19.894017800710863,45.99117050717918,53.32485847461098,203.89748829500897,0
30.865897874729,46.68144090762356,58.89737912932137,91.8830417386309,0
79.13230327064828,93.4474790723057,89.90867350344485,343.6414084970016,1
17.607416051465275,43.39643278354803,75.464348278157,135.23227413936888,0
29.544139836445023,31.00777765197125,46.815102423714606,128.91107095731093,0
11.23447293958126,50.496295576172635,53.090206341547265,40.95078078762406,0
29.339202013526833,55.7413747125616,48.10615953500469,160.4513249644297,0
30.188496229448475,40.57843932840449,76.72626974105192,122.04506416347824,0
36.686548047579066,53.70399794672048,46.18029878491281,79.35893873113086,0
89.96798052698189,76.80585134646952,85.29800773838451,458.3747918530395,1
31.577614392937694,52.40460705279343,56.57861968212995,101.68156147988923,0
23.540358208754647,38.40557871498029,69.38042283248151,17.189058219464197,0
17.04921227936384,47.6821773283123,53.75188926730366,119.22444860994378,0
92.76870670705762,78.70034039444421,81.60880881525496,553.5892824339082,1
48.00940432910816,42.87461748971399,55.762502854731245,120.8001752320324,0
26.52697711042157,37.0505486666952,47.44750946552253,37.225746290992234,0
16.877808065685937,44.55378300147224,47.03400276609172,67.49661942978932,0
33.24359281721603,45.937708664061645,62.34605942342301,114.13575189835827,0
75.45030516604578,76.5659755601003,96.7669876398146,358.08806038643195,1
34.920188479927994,34.02408214107813,39.09662353657071,103.95296180065726,0
22.85648581973632,42.896738358955076,67.60929148566537,94.65897058190048,0
29.545887820677617,57.639021028807704,38.61044886338866,111.74989406695995,0
81.81807772603574,81.44245922720484,76.90751952975201,292.66232045251786,1
28.036501509150217,42.30880184716036,41.56899709335227,151.13940829806688,0
38.545252270666154,32.91792566933263,62.314118754549284,112.93809457041561,0
11.581022270421427,56.31931447165178,44.24400000433605,104.99055451509541,0
32.809918677350325,34.894770164811646,53.426663935834206,110.65181425762493,0
24.448004733068018,41.22867413857733,39.67076075385589,127.74791820052579,0
27.049100857620935,48.36426015343143,43.30656942867645,161.80905783539276,0
45.98538112096341,32.543927522035986,60.5099357917427,93.29473898046544,0
18.04706236400755,43.56950991348046,59.45022271253196,120.82711068320293,0
64.57095187481121,77.00021352983394,89.36639123147042,569.1180617769014,1
5.121913434649206,40.821044881053474,39.272250588347525,134.40740843127378,0
36.50201177958661,33.08668438987165,37.47637077748933,130.55781454861864,0
28.04609648822976,46.88168649488508,62.39673148636431,66.69571121044606,0
79.01380276177844,74.38288693734702,88.65669519701945,445.9396382933171,1
35.13907849658915,46.63130066070639,69.96764380797613,94.63386692030379,0
90.63470880918076,76.08205268785869,100.0,443.055435181838,1
31.85175536829914,44.09785834917872,69.0977686910283,92.72218246630325,0
85.44184349184889,65.8528250748506,84.31581263070949,391.9338883177044,1
85.08554649437184,67.02559356687158,94.38769071182305,404.0700599871231,1
18.416353108074578,45.162371849901625,57.44732629019194,118.78385933177603,0
41.21857856230471,42.90339473716766,45.88979744598995,94.21652930694209,0
21.133190777165424,45.549074722585694,48.53528463584271,77.98046958929481,0
44.62195938717637,52.05113050231284,63.620940373319556,64.5584244645637,0
75.49919106098122,67.99793694685236,97.63167172008187,453.6301613407309,1
34.254575617849646,40.661595102222854,67.85771116305472,163.689002945951,0
25.06877177600228,36.28859485077794,69.12650544900298,90.22400657849958,0
32.571989703559275,44.50414206458737,45.12558874002426,49.672108398922965,0
18.88419750486449,51.83076336101995,47.1194752026824,94.79944106979475,0
36.40479795200824,50.96113732125238,53.69660014073989,64.0603805290862,0
50.67906338163552,45.99385939711804,25.838531491271723,84.40951455534275,0
38.28229690184623,35.5527632100165,74.34773833484257,61.276656433846874,0
33.81158384882778,41.3735168636746,51.85319716740573,63.014239262078746,0
31.846803058649083,44.25664136972173,61.787594822640635,28.12033410882396,0
27.474318486068398,50.02892196430149,60.47627167759236,110.42624618820811,0
19.680447579055652,50.1892387183554,66.92803346042616,130.32262824695874,0
29.34249738927012,32.771730160581114,59.652158548394155,20.82720820589219,0
82.01023303607653,82.45579426652968,100.0,434.7875702445664,1
29.60692712372369,34.77649370407059,57.71851301117195,125.68431035994453,0
25.25054688839044,35.25085169483103,70.33937136951384,128.0452480285167,0
26.0377032189824,49.063973809249305,53.828551650711084,68.0610881280147,0
46.122782579886454,45.64663754147947,53.76821711859242,74.47879337390502,0
91.27058724597327,65.75900873806894,97.47756638304803,480.68015785000114,1
28.832340842047532,61.57190054818985,62.959280575173736,160.6158699705437,0
22.998791850608267,46.47212128155397,55.28776022818712,75.52928551229122,0
7.617687666750279,39.57526023155211,43.11215107000914,91.58688908538036,0
25.59955513303016,39.006811115367746,72.9000863056217,125.58950026795578,0
40.91506851922462,47.02428571183108,53.86877115082119,126.9507533734504,0
80.15229612841992,76.61729463771582,98.08761348384742,427.1634331531148,1
47.32514999485092,43.70431645405147,69.09714160279646,172.73114814971285,0
20.399537047205364,47.198906475154665,57.77977685933107,79.73183295159046,0
23.610382523104978,43.79159605996416,44.3218627487063,122.26871906533675,0
70.26804232530833,80.38609553942396,69.68618188652748,467.6624387408123,1
50.52972024501663,39.014331679135566,46.49165317222033,122.23949734760555,0
38.920675997317204,39.60702640603485,49.17291865545989,51.8923588442053,0
88.89515848929571,72.23655323146156,89.67483464150092,450.7376352322976,1
26.80152476745156,60.001049382094365,76.96892589797514,106.84157970548587,0
88.43480570929016,72.7343582443079,84.65741184952495,457.6166523613313,1
24.57326200265978,50.01438056378287,36.77901161405582,74.88980052970041,0
32.799686263198204,45.061485584287034,61.70434339506183,111.51678484984001,0
17.004187630724022,38.627729606502015,60.400656054221756,109.7839227859687,0
23.73684723816993,52.964437464680636,44.360019583787505,126.41955929382789,0
35.60919447941239,42.572598962633016,61.2545894942647,127.35444455727968,0
55.895636420186136,38.97265229484097,52.29132842065438,101.87514173213245,0
7.944339429009308,54.47417553334842,73.24768115220454,75.73344236997733,0
34.43819428146229,46.722585307214864,37.213222915872294,130.0187944774038,0
54.55300139910894,34.08849103483311,54.65420078093652,98.15352224120113,0
32.106684652031106,48.93030840878293,73.9576834888186,130.72467809722775,0
55.79709337654318,47.08916269787008,48.50441086045312,109.75944751990588,0
22.457241499806422,45.09130362063866,52.18505164456975,0.0,0
28.48726716346488,28.889697976310092,73.9473411126157,80.17404988482639,0
33.944521423782966,44.63933950032748,50.25943777396519,128.73326172776984,0
26.779718455079415,50.58663734063093,66.26690598447469,48.602213521806874,0
22.436492547156966,49.4271795164961,57.37210680345094,127.84758863304982,0
30.566499248971073,41.96288575914568,85.03806149086853,120.16375327775768,0
34.35975389500046,43.876082733487415,72.77483909948313,181.44171331360448,0
37.67434729152909,42.30539978112943,54.64373451656826,101.14263051110345,0
35.540577711159074,38.86929622747595,63.712431990752,138.5495150869243,0
48.29620201716087,46.18823437579463,75.54765624925119,73.08051123338973,0
33.088330125989636,46.70194258596943,48.30240088411059,149.85319244299777,0
43.62562852712452,45.712518335951295,68.6907517258033,26.023679764863772,0
27.314693520941677,38.74483490396616,57.18137479104592,132.79894569387145,0
39.7255444962673,38.03378228070534,22.056405355931386,74.2739835950938,0
31.975996046923996,41.33496808115392,46.57651242045854,168.39053006658293,0
33.93797298216251,37.19827379494357,57.6096817961707,128.13974090844687,0
43.55442801105496,39.802592555612804,60.45850960796612,93.39669350516057,0
37.542913298135744,44.9733710643044,49.03537015797181,12.752990493372902,0
33.93317839394372,54.4160333431669,42.06021920044927,57.74918369007574,0
37.60055963689602,58.670421677426575,28.38869103817582,212.9666803761092,0
33.61417317273103,29.30658845843761,85.9635027842893,95.9762757848717,0
33.665982460968486,29.75252076187999,59.60146017825059,100.88270803747454,0
55.26932425873622,40.51243113423151,50.229415641450665,71.25829172883839,0
92.63331611352739,84.47204506103995,85.45146665551334,524.1629258742408,1
16.64655641289899,41.87575639335959,38.089410423705836,77.2147969381449,0
40.01046092567141,46.803206001786904,63.550053305105926,93.66721549618485,0
38.61636124497944,44.59514371335684,37.86319388673466,159.11706944638144,0
70.51360337344255,82.92209421493732,96.4262970716192,478.41935795255915,1
40.44160877069072,49.19704278871749,45.69272366274876,75.19908203693154,0
33.24057028221561,41.840879949594346,65.47679279598519,153.71107857692013,0
29.627777634901584,52.15136088851127,65.98988537917126,76.12910094529539,0
80.33656403520585,76.61729976996149,98.9655679112398,376.1664924689305,1
13.3847993773104,29.661223041843034,51.28347025832113,97.92326564895757,0
11.481572684253415,40.812044660615065,57.32404022017803,90.35783141624142,0
87.01785183935438,84.24988388023507,83.57385873050592,447.37578551872394,1
28.67830644355628,32.54087424254283,40.01603890284847,55.29655829506703,0
38.08057798281145,55.48668343441449,43.64122577766622,124.16099387798211,0
36.54365656354058,56.18825265348723,54.58070199449641,177.74336349510253,0
30.184183791895517,55.70123495378636,36.930011136032554,112.00700197138084,0
35.82026567084727,38.44243335528432,53.50541824376292,116.45441110278831,0
28.185509307524832,43.37408548040369,65.66136316430266,79.9156870068121,0
24.9305682462887,47.903410235521534,50.30612353296589,144.4458086081785,0
10.921924421226091,40.58900018900357,54.994255383177936,156.03109104782607,0
27.323589091012064,42.82343738554234,74.90643633346396,63.70476188946717,0
45.023570520960284,31.620781758362472,69.12400764148404,10.866302402008792,0
33.69642192198094,52.893804061615,70.26638265100117,39.3170785237747,0
21.07212484508116,42.210883075074435,65.30047878366553,64.55549394609399,0
100.0,76.68066226773855,93.1904145292126,501.5207688132051,1
39.26215402241592,40.35594689946358,62.14157423096522,63.59205175088357,0
24.672991603380886,33.935772414335815,74.48235053070168,67.84701407029019,0
15.48824309948441,39.754088091301185,59.64577979273088,90.0510630366987,0
25.21162543991596,38.31767328634958,46.674800710038994,94.65296341380753,0
36.30811684554777,31.885910872317684,34.97543365184644,88.49188447483535,0
44.40117215449473,34.51787331975976,51.37920335249637,108.12990925221601,0
85.50546935046205,78.48846491550653,100.0,420.0057532780515,1
32.59722501721482,35.96607004637647,57.70323666418056,111.28002170218043,0
30.13001891877907,36.761265210610226,58.68447084702186,82.80668707408586,0
26.386894380327096,53.99907564053176,62.87339442232325,58.813789772303224,0
26.915172115441802,51.722136176606675,55.36168793578213,111.58679248552562,0
73.3177127515295,73.05022243094753,80.03202314430888,343.22752320336343,1
33.269273737641626,37.940858872168555,47.9210152450008,94.51153187823198,0
14.969196982401819,39.23314191251192,52.61597039412516,93.7697876566716,0
35.0024046943657,50.409934869806065,61.620162787071635,117.70249716091229,0
34.72002270919275,51.28958193186095,42.240895761624664,70.56585696350558,0
25.847862320947286,52.21643536856835,32.602622166838295,44.38283976840762,0
77.77437112883639,69.96254895619803,87.22600475735716,333.5662040755508,1
26.869419694768457,39.48978151009103,54.32924240063685,94.06867448290387,0
70.07328195837252,74.72155918008386,100.0,468.48258551515596,1
25.483405238403773,30.500359744632895,61.10242381152557,125.16952721180964,0
24.742449783192388,38.150503178933754,59.00758179611429,153.98185255334974,0
23.626128726934823,41.73268831633992,57.31434211780229,67.5736977720531,0
39.64851633097457,45.79419228039587,45.01028053931933,91.02772688225416,0
30.245101742589426,45.106280597783034,41.81584751878738,88.23507278495322,0
25.865348388767238,50.76872027798994,50.659396146192826,104.30413744891803,0
19.233208725289863,47.24131498445311,54.70362828298009,167.82063276999426,0
19.600940728744693,50.89246542348809,39.90082444759254,72.15531794614793,0
21.679386951501435,42.21201876520216,69.76774965013614,106.3934140763239,0
35.376299029498796,42.36504211788263,78.67095885336319,129.29906116952398,0
23.8659733645906,49.05542731829743,40.67949077748022,109.84735777183869,0
35.8855326977072,46.88426644178612,64.65931088364817,131.24035818428607,0
100.0,72.67816320207565,85.37512569311806,375.7779056480282,1
18.998457670283052,51.018834930272206,66.64555164288,107.65768189378436,0
86.05292298618194,68.25241203003065,89.9379538599172,387.39601987737547,1
15.640904761314726,38.25622561161002,45.63514472885647,54.73103245601362,0
83.6723061482166,79.12427911508618,80.22077008311503,429.1762513523456,1
32.811914239693756,41.26836718588917,63.41667872571399,69.24932685757227,0
40.363028920724794,42.35803619208769,25.35204060544719,158.21637928688116,0
33.338599665685344,49.725959394848445,70.1509288835698,68.79827367400192,0
26.350472704571146,37.1962446885331,30.26313491172514,92.99026548142754,0
34.2097294438939,42.24836859508977,72.64794388782747,7.631839143646051,0
45.19283923641769,47.79294510251187,44.73366774471251,40.83642847609912,0
27.828689250537977,46.26877763841535,43.06273938481966,37.44282940397384,0
24.194765501952773,41.03306424361463,64.16401779662795,133.1110085748767,0
29.668730271262028,42.13139129344527,62.507095630078716,190.50275233341273,0
47.96360822926964,49.30614788995006,66.88073476859633,42.27538843288755,0
39.4118186641997,39.74058171277641,55.402811776828074,135.86831113474815,0
38.33528961608925,45.58091193168757,62.642441900744835,105.99980359630956,0
36.934789119139936,41.45667657240265,39.67154639739259,64.64040404311994,0
29.50536290347567,44.28603698354848,34.5863143087931,65.50772255345277,0
74.34296836295279,74.32824282699931,80.96103676231927,430.26416995886444,1
25.847120860991986,51.20955843512401,42.190792804474,70.25200332379266,0
16.22330632042909,37.35500884599887,53.13493080966688,64.59885470948805,0
44.12220555415429,53.52936150410181,48.50055084028975,108.98397906833038,0
38.294748419317486,47.5519303414882,49.48310325924353,114.57704308541392,0
30.464365481561487,52.57478619095198,45.29243328489039,191.10755704123721,0
45.295503194606134,53.78036852530138,45.03915405844916,110.97840710455367,0
22.909790423695096,55.274953114981166,73.70019952170374,42.175591968937496,0
29.812912435541026,43.798284422526514,78.92948488881328,188.13239261031032,0
41.58595579007404,38.72567138985557,58.08139908789667,66.94034497159062,0
16.82868080053415,40.518918802157714,43.408348904661565,111.57218543495046,0
28.209067149838436,44.20506204646684,57.892519334345344,123.72421597430957,0
78.32644724900973,87.26632376608588,87.66714003703684,505.19913081940854,1
37.25766623898692,59.295245373743114,59.61051065979355,68.43013620455211,0
18.10767534922871,36.53798794765495,60.93426990458527,131.7574048364204,0
38.15737212539297,44.1626626294186,40.62961226481806,52.331234655306275,0
27.969546139570074,35.65772575162837,63.99719954187022,128.00887645129157,0
43.99594645145793,45.82395192922671,50.404009426198506,52.96756078643209,0
99.83067326001776,68.85225061187197,82.19465917693583,520.0235072704398,1
41.78512689798423,53.33332489635438,83.12864534599152,107.61240501588227,0
20.757668557316958,37.074956014987954,61.58155928248685,123.38901388143762,0
36.98688813517043,46.29401057842255,43.298813730556724,21.996193599249636,0
30.284575811831587,51.2705735276515,55.29375603822293,101.50589488677441,0
23.67119725115208,42.332036123286066,58.496493474863,144.70082195098428,0
38.10808273159782,50.412679906660316,57.94283017473084,101.5233802287797,0
26.642153007098717,48.493670712964246,33.901493480134775,160.83404928255118,0
46.69069525826332,39.949016423619796,42.903841321951866,25.0377798907512,0
30.733179671884038,40.192992598976936,53.697665889221824,97.17464081392103,0
37.59514887486108,50.57501256649477,60.57360963668272,69.59230713036405,0
15.847328080758125,38.68141948008526,51.79595485879562,80.03966942280843,0
28.772910664042758,42.78741927213919,47.12758290111214,92.44075021949504,0
36.70480617241213,51.98085897361211,36.873447395566046,74.80530603450501,0
94.02339988413462,82.19608710714381,85.90268863899888,446.95807096342,1
48.18061922557825,57.11225270400018,36.697774760053626,83.74572594518305,0
29.35311394967482,30.49351372812801,59.213095500120815,10.794789883415454,0
14.83357450579209,41.894752188548296,54.622343557555794,141.30155593204486,0
19.7348470058894,36.61125512533568,57.852780734871835,88.25732653636456,0
35.7707212718054,39.82160185218923,58.970404340876215,4.897206802915903,0
37.31380252574992,53.150882183746894,51.519635182405686,197.95249222960908,0
36.969544045107355,43.448802139304725,48.30123685122659,158.91934310519318,0
32.096594152746256,54.46960374427707,48.36650898945784,86.39920837506172,0
20.01939372685587,43.97202535121289,43.103987293189,143.63916110477862,0
32.80161158819606,40.686995793657395,44.79762705022413,100.58623639480507,0
29.20358608754285,60.414097472617314,53.95581732018235,155.336963142239,0
24.66399693560833,50.482119214439074,77.76266497446497,134.8541470292407,0
95.94551218998862,78.38259284638889,96.61331721201817,450.3423288083254,1
19.281427669598447,53.27323029791226,46.74658846209483,103.85721518114018,0
26.759318247910297,47.0585742715525,77.62946219782633,99.03314294567166,0
31.810627427710823,49.776371474417616,35.72076717570393,110.30326996841747,0
90.6568492808525,77.51546414440938,83.66964408689257,361.43042797558144,1
88.68766913485841,84.74765875738298,89.66101918412727,441.0874369026728,1
45.50500492814077,35.21536165102992,54.08513179215283,148.98554924860701,0
20.778346758223744,41.826101241313026,50.279786502125525,30.57064252209491,0
7.881380886704932,56.15924569342808,66.33057808302178,135.52629286973766,0
22.71538378319657,43.63195607434065,47.37633556454003,139.46056015216803,0
47.19377906207297,44.69008676108746,50.96146094549067,121.74097330200111,0
37.31955502509846,47.863986459431956,64.82258459727998,84.21281165357985,0
19.84178181021603,58.93959292891833,43.93811612415744,98.30205883952976,0
32.90897057590006,38.12586351952367,83.78139142705683,89.37908554266605,0
20.813134885139057,44.93234905080657,68.20471470734475,101.21134546211856,0
30.036956718478475,31.461385781782962,59.03515541423074,80.20359218038793,0
29.53079421120816,55.60811365846573,55.703307008461515,92.7437586113124,0
16.799774887792942,43.156845351854585,60.19676736089583,86.63172007734205,0
81.55668233050173,86.99850347539089,84.96215099972929,502.76089745614144,1
39.56702316794584,45.334777238492784,73.80225648656544,114.08154451832482,0
16.28326302769534,41.7938237188981,60.62237508286149,100.44832612783597,0
89.11888943948128,83.08289264945262,100.0,511.4446499788167,1
18.562737926793382,40.58018211103409,45.48238403663276,101.73693635265644,0
24.101076822443922,53.003530711440796,75.85485714202301,95.64995908665529,0
34.241659464019165,36.74624249946006,68.30133522067472,157.31953106838313,0
42.718924219386565,54.6823616073054,54.89354881252512,109.75307706467059,0
20.606646061812455,29.542034566402236,60.67378083913399,101.65307327508013,0
27.509639604436217,37.8986419130481,32.599592958352694,134.63490354337372,0
24.76268697228578,55.98740010857645,60.47797642300775,107.53760321683026,0
33.257963165821664,52.14025554831463,45.48134563351559,31.995165246869526,0
46.43378155804534,49.73449933372436,27.919298736526976,131.8173082722973,0
95.66751332826372,83.75131026566014,77.7395464559577,496.6854540584709,1
36.51521991339506,47.03965289371162,47.29447391402076,28.114253294835816,0
27.69133626155231,48.857119421584095,77.67138945100302,85.80597074592738,0
42.235688824186276,40.29795447519346,37.94927217731868,67.330482725404,0
13.864386021232589,39.147358308462614,59.27695100241251,52.514786708667025,0
40.1437006501813,40.38672507577949,51.38104230650674,109.79138478413999,0
41.94762861876938,59.84695496091577,70.40896331850745,23.159474447069755,0
47.49583904205421,40.54643401143649,52.41003093476615,107.92314468126396,0
33.34456789987025,41.16466287055145,50.408993887330794,62.24059938608447,0
27.02436496640008,56.82432253556175,48.19063262525978,158.5680509009435,0
36.4084286126701,50.13137997026199,59.50431635373368,82.34489986821484,0
26.97530313511872,54.884188149802746,33.00195457961527,63.26735450686395,0
18.70293145342382,43.560605024497264,55.93102467383669,60.35223129501782,0
33.46488475897993,56.19629658079653,66.35941969996524,196.46560767154276,0
46.13711269058647,54.208558036580726,62.88278447583577,48.46594323183834,0
20.083033365596894,51.920261554494225,52.71369772455955,161.1640402669299,0
8.99973492348376,41.96627303319693,73.3961505069902,120.46420361476082,0
3.9578614337286577,44.220768058415395,48.13685744561881,71.3782232096589,0
94.12770345892326,83.40065771613284,88.56985117967211,485.8257214814687,1
39.75545127122359,49.63436284330931,33.221394046223125,121.58619097380281,0
34.57686586053552,44.725991811221604,55.935247558698514,143.00482995927027,0
40.857863249393475,45.973200808671876,50.05095916180112,112.23840097751346,0
44.64177238752438,47.24698294580216,54.89967055274252,168.4923091346769,0
79.34249056565231,80.47787352869705,77.23497665337483,325.1202733472743,1
45.00759790634311,41.62380500344588,41.68653333464536,129.50112253866152,0
11.420985486017127,37.586740145915314,49.44500344616407,143.50427940795814,0
43.183023248526695,42.176341778219225,58.61490976109668,92.38057208779577,0
30.2538842054241,40.567091067028095,45.57618495684114,113.06383839665425,0
17.196956013291057,37.62315153244958,45.23016092082876,93.90001286760322,0
26.513478655921407,58.718860783212726,55.55153123258721,36.62689688606412,0
29.27171087343127,51.43240398260831,47.630277625033784,167.10736363599239,0
46.999573745763804,56.23749173653265,34.845966485039156,83.31060659046742,0
17.792875740858413,62.489013386050466,67.97580349322244,41.358471942045114,0
39.21650111924459,46.40489086002215,81.05431433274994,143.79736222567715,0
92.41599702987335,72.51558310157888,67.79230974584497,480.9243142909736,1
16.911796008808878,45.96363358607632,59.464977744008635,54.376860420457824,0
28.396399189551698,43.00762147022425,60.66243937452011,66.48083141282727,0
28.95657207013108,39.49399535909505,36.121444725259515,60.89412651380778,0
22.201470537783614,45.71206245930239,65.32822505642356,186.59570356405828,0
30.642800190954627,40.32967640655746,49.76182164081348,60.117586905469516,0
77.61279621979935,79.5566442425139,93.5518659226163,551.9345772325756,1
49.58347454220594,45.77790562707558,41.6980349104386,37.52485713102278,0
21.43227906173207,37.6496164712377,27.09495815032384,89.83381876502452,0
78.63859990068933,90.22132542529934,100.0,429.8359617795336,1
39.960476858058165,53.240294742290374,54.992698212132524,14.672622894874241,0
30.06799844559998,32.44846521461327,59.584404468592126,54.82057689618384,0
17.488864236146966,37.147742280008785,63.726015866705204,48.625120979632044,0
46.33431532301096,39.005560372031574,55.55964839879159,0.0,0
13.126556528892896,49.9928637555758,63.46178390725812,81.00173181914491,0
26.117569464784616,49.96952923703066,39.10200333156838,103.2016507686104,0
25.7069777548274,56.139802574339626,59.663766952399726,55.81326575591574,0
41.7972520836071,40.90919316382778,61.26934253112033,91.91238658449522,0
15.3562511979018,53.28791210237822,69.02296437128058,89.15539406552362,0
87.26615960117279,76.86230424726621,77.16973791366814,371.79649289689564,1
38.868873900973,36.114962263298274,44.924699535511934,98.21489507734232,0
38.135096360006386,47.49880931486848,51.117820638586515,113.53892421248446,0
23.22435347664345,46.87635299312827,75.7662154219355,89.35933217758613,0
30.570131248970846,39.29670798023516,65.757996042402,75.11490078574444,0
17.742343369976588,44.60071183202941,67.29728934738074,113.97171089416831,0
35.57691060725124,54.814065281433855,56.60199302873646,62.639779917491424,0
11.636402162296026,46.45944379402906,74.18377112309332,115.08243638513599,0
35.11202599524981,50.07214245106186,67.11503161469433,120.1235701334665,0
26.99140252859174,46.52045556269881,53.38011726427526,20.118102535281004,0
26.787572338820883,42.1511794353864,43.99286029387255,77.10099904753636,0
36.220699903060485,38.85761184491058,52.10724133041063,66.90092994952681,0
38.301918118626105,40.53758795622492,54.57511073145579,106.22633190686965,0
9.637794971440634,51.16743531166466,64.50564878974563,101.57848797215723,0
43.46225756202748,50.21210478931191,61.52007516398858,111.12318382294107,0
36.963874474567156,43.76706547514315,55.1763291465324,121.00578635153086,0
32.39246864111149,54.142505427101405,55.85544712659354,125.20431982334931,0
24.861330826633065,41.06710530453811,70.95753238246091,47.276318568179775,0
22.647989652367535,52.07265519298284,37.255916844276435,206.58457968005737,0
50.56543564829542,44.52905774560526,45.4386252079699,68.85041938523389,0
76.19922429937755,79.8846459302038,77.21852160042013,407.0023944538022,1
31.814266201139713,30.82472060426679,43.3869719254348,92.68306806349636,0
45.32738913002578,49.68188091382353,53.77592463847286,106.81603976248046,0
43.728484746765304,34.19584339769977,61.44615777450083,55.14881634072861,0
27.558433647093512,43.877064326172565,55.718917288954046,62.59668654289812,0
33.01700008901736,42.78324317846025,60.744174167811245,144.36397861906875,0
23.836385919605224,35.17993689954502,53.18323009670309,83.6935768573626,0
37.082144232565575,47.03841928596623,69.57932928225964,61.61070660668264,0
32.60673765823907,37.24321279218792,47.298143152667905,133.91715013421128,0
30.67528204687924,53.78782526621927,58.18196707295905,135.9297829142492,0
5.611828417235709,39.051953549656126,57.13237654948288,116.61245908961335,0
26.468337071893117,50.98081400784504,69.2369870862113,77.19225609207386,0
27.97019362604343,59.637659909127336,64.08765068529696,122.04240496863731,0
41.83493666889928,46.6481905657778,47.661810375539744,154.15567437293703,0
20.258781537836317,34.89759444349944,56.330036544306665,161.55389161877375,0
35.16946515748371,46.103441909086605,42.82100115041099,39.142680763427705,0
36.687416555925125,53.38017619073497,65.79473652085969,143.89690749690828,0
49.64725132916389,41.669431891965694,31.893191676005475,157.7940114903923,0
41.608267873785195,46.745923813795294,56.39809662971045,134.40340270971282,0
33.287511096596845,40.954554562171026,53.4592208089887,110.26876691182962,0
33.074066978091004,43.344858142848985,66.4646628541582,71.99529632738347,0
15.94432980821358,44.34987849024863,64.90668489843479,162.78336265124315,0
45.86016816145352,55.29724283571973,53.300048417533084,157.60440480276694,0
23.002744920074147,40.19090130210352,62.33285086132685,162.34512068280344,0
39.54001763493202,55.09361504061323,24.749835921127186,122.69321907946518,0
33.4005129456889,34.67848119066235,49.63626936632751,59.2784931230874,0
25.567177488084898,46.43552737464241,42.62672736046884,74.0747026444889,0
51.439440893253256,40.24538542764932,54.64777957461167,49.33844684220113,0
27.941405691196596,41.61438953793702,66.92488315441548,182.41366175347326,0
20.212362842176926,66.79037140730689,49.29849665866476,129.80747527575312,0
79.27729944724267,82.47599629534785,82.14174071655837,341.496388876635,1
28.724508796224658,46.80077394778051,72.33212094375935,173.51768119969103,0
15.837729442073545,44.4484811994379,46.94546709839334,152.74431312712179,0
20.188344688603184,44.64216914889236,49.84010309662193,80.59559922783754,0
29.672467297840015,42.653291426923815,53.84545285551305,65.75660511996355,0
67.5431896463923,70.69139844923312,79.9495359552553,379.0029786644961,1
34.62060893251896,46.003144135000035,54.60318398365879,88.85284388641772,0
100.0,81.24411456681244,87.30644677131697,408.78707253370476,1
23.823583230663033,44.286093417844256,43.63620681259182,100.44672038025311,0
23.877632654922497,41.736679716376436,28.893414676149163,102.92417017522973,0
32.99647687837348,35.81915603470923,52.81767921051806,163.63341335707887,0
36.20672097550678,45.109884571704306,50.93597135339491,109.26075088185846,0
29.119087559709268,41.42955234932742,70.16246812955809,54.89983011654015,0
32.52568845996623,44.58817002107934,38.700916166530156,42.251265216197815,0
23.699750204661058,46.43358514097342,32.78095798851296,110.55464083611781,0
37.12712028861331,33.98907520048997,54.126130808915896,38.25477912505261,0
82.16945979030255,74.4216154100703,99.05906196551952,514.7267826343234,1
37.12998430172388,61.27271314096973,70.54248487203573,46.22615980677793,0
25.840330720526413,40.91394506506179,22.509211675934704,100.86422190366739,0
39.603047962814706,43.879478593741865,64.77676865946017,112.36552749339192,0
52.72434720446882,46.52402740761017,53.12195403748948,127.53140433952929,0
29.24048976357477,35.753754022456874,52.815514826972134,161.89243932350712,0
28.48285566422771,41.35322014138233,66.23384312953853,137.86194110867132,0
23.53772690156197,41.01210725951988,52.367052148335155,95.14765314441678,0
19.184519963856047,56.26664466043181,59.70194449259322,143.6097713463226,0
32.83287871546142,46.84978334525137,43.17120359887031,152.0451940871429,0
23.15370174239996,34.02298980605965,47.76043781466214,73.82632515779586,0
36.65416823691778,51.252318430450764,63.081145753044325,67.6095783360027,0
34.39501230620226,48.97791364006949,59.960464349564745,100.27698884174858,0
33.801978510059634,43.595524908221975,36.60882118482685,116.10627926588644,0
35.43360192379935,47.13670188571947,50.12667571571916,73.34946454556835,0
23.373762410541534,49.11174189864209,56.1610590212656,81.86586199597647,0
46.25958915362063,46.942867594454725,51.97865591288345,102.0687153925275,0
78.45180155479947,75.52406470421093,94.70517517517729,551.157063513132,1
32.07267329398944,43.025119561462624,60.80609350031754,142.24166425834218,0
33.5561334878566,46.314602366297656,46.157183773218414,100.77035869404502,0
8.943530581596754,47.28950662414492,58.21800339786368,80.27602156094825,0
33.467099776049196,43.10740020604946,26.57170826102498,75.30861722979124,0
30.79801484058733,38.10756419087431,55.139820492222945,70.01332196216345,0
29.511028165258946,43.571091617890986,53.002172988621446,132.96609453822555,0
28.06340540720282,44.393092046962536,48.731023259469886,77.45787275005196,0
17.65651128120078,51.43910061168101,52.84443552729382,101.43210400143361,0
41.26565029547757,47.458158273389586,59.989632708645345,91.78829913485943,0
81.90357579013018,86.53673055163782,90.32696952515269,383.64333449340637,1
31.4358793650516,50.659997048230814,46.42403059790809,168.1490861878895,0
22.269902161445334,50.5769134894952,59.10670695309215,16.517230171619346,0
83.22084679136275,75.5344787677178,86.0191077084684,456.48477785469095,1
41.42822814515021,47.43839217472289,34.41784035155895,94.35032715725873,0
31.961314590239073,43.79571048514169,66.34596765591273,103.22854906905786,0
30.589842215895974,41.843041880794836,37.67285293009327,51.67230166567844,0
25.632802639594043,52.626756081536485,52.906672788576614,66.65011037123537,0
38.79417041137403,34.892521170483704,46.26004877893911,101.45117170553341,0
29.22162802987198,52.65925683265033,48.66815468585995,63.883599718082905,0
26.30792799552554,58.42081403898286,24.369518175751004,43.20698746169722,0
31.965211697014702,45.43318347020995,57.37860793264984,104.40139295731397,0
34.81866061718492,30.23113231562051,53.490167781420006,163.64861163529173,0
24.717029533370212,32.062190289451095,53.766790462148805,115.78176137266698,0
15.94810153196425,66.82376790445633,43.3457215703441,90.26075721468399,0
40.251091525817735,51.19389807960811,55.180407106501484,96.61316410001344,0
34.53508712554467,48.228904590224815,60.19820880725851,139.97523785571158,0
32.71495310825648,46.249704188043346,68.34344033032491,125.9349111083916,0
97.80894948511414,75.73486250103278,91.10534426747154,456.8551069478749,1
44.350873992222354,53.92278694775641,77.35311623656338,223.86782055088213,0
45.33433701296325,45.72476707764423,57.341944565701816,135.04183106687714,0
33.3868731792169,42.46250697982552,64.21010898180756,77.75789770082388,0
24.910363742925014,43.0318517027481,46.78004619848329,106.42818205113848,0
32.76600765511181,36.68712783257472,57.22475987761314,101.88418791037253,0
36.32407739055521,42.09761169599696,49.127029186066956,105.92229655563258,0
22.140105394920504,41.0506267409766,62.18907711116571,112.36630878069857,0
86.5389514163001,77.76567632771166,83.39179863618666,391.4523407340266,1
74.52977356411235,78.23554970974872,80.24576641324508,418.58571041911176,1
23.56481769619857,27.95281367751978,32.03991598332637,58.48818107927264,0
21.963254320302692,39.521809818069876,31.278141172628914,107.67688020144453,0
43.2893331953541,35.15038963651188,49.7915997481168,58.24316079004067,0
30.740947804197752,45.65085472570587,39.250392358617404,115.02987526878634,0
46.15375689469442,56.95130866691456,59.35594844119225,124.56423221158738,0
25.987795281141636,46.74683732718654,54.23346600602384,73.63761237941837,0
39.02277173786647,36.92840967782153,34.922991849931115,175.26485157431082,0
32.16458589581975,41.224864898757104,52.12532969275481,141.62569771198673,0
10.044682195482615,40.19287323102854,61.3730215717114,63.7865532994059,0
37.65878279480615,54.79592548657718,40.99348617262769,106.41037146566661,0
39.42788514140076,53.313993688969184,62.06598341850337,129.9833028549452,0
28.576205149787064,49.56631236723676,32.88475712502789,146.35019338039478,0
33.2674476460232,45.7560988468565,55.99437810242795,70.80013313679694,0
39.15402117702074,47.944897417129354,59.06509794736439,147.371977246269,0
31.66452208213056,51.80439876017805,52.39807539733428,104.99470440781916,0
13.314159261224102,40.67951427346427,45.223772161147956,91.92215724987925,0
24.86803635486604,57.738402511188184,46.71984880222498,78.69195649780089,0
32.31842092134848,49.15477602605234,55.50715677957975,95.47317406839746,0
20.993286174875198,41.40137836942471,71.1505000381326,75.79745237112118,0
10.919978628766923,60.33291900831896,55.37019391308327,74.49680568489858,0
31.718393397935312,58.67175038790802,46.0978820678983,176.1871952832655,0
24.292537062505236,37.06318750235552,70.65955226548503,137.74806537599366,0
30.917607765355022,35.238534517985165,61.79849184497987,66.8342605822638,0
16.696863742610102,38.443855956294506,47.9437777715564,20.438632153148156,0
99.85337870334172,69.21919258190749,100.0,432.59100642473,1
30.07178466907942,45.55333461505195,65.49687545896309,92.30787262873491,0
41.277802506338986,39.803703909864,36.67455045597093,116.1268066653756,0
35.05965553455865,43.40560314613456,36.751341644390564,158.2199316831577,0
34.62591292853951,41.151474482533764,73.74825411247876,32.5803042852569,0
42.000789564268615,44.96425357580942,54.54238517410431,69.89123032387728,0
30.841682301856963,53.14100678793713,39.744589010630776,57.76621450264636,0
16.097780748465375,34.66339943537363,53.639742470712406,138.5045429884653,0
34.44198327290672,46.33786963685475,66.60300881290561,157.52114887493047,0
13.923389728819412,40.740542673881585,64.02980052489062,146.29687783975302,0
36.45375949585148,44.56146244514725,37.068837651205136,76.34602480806889,0
16.79766792979358,44.19751415145525,62.4168219271605,37.19053383672622,0
84.51451653438464,66.9889402014535,89.11334769386097,490.7638257959444,1
40.57368305378225,41.5730054707853,37.78502966914781,62.720354988658414,0
28.38714288333991,43.50152611590497,49.9139975415222,25.485456541950562,0
9.349169537436794,39.13833447222273,85.03885366083387,59.77219650727227,0
90.74345108658132,83.53807555254959,81.66179236662823,391.9917005259592,1
41.26050250772168,36.81363559557888,32.265026194332364,160.3083079725346,0
36.73181351269959,40.57994080761772,54.60550617817079,107.57336144720664,0
22.877792363509492,30.04940105885636,74.13904249703218,41.31864194245125,0
19.959454031579902,39.093022858025705,56.21986913879235,81.50003387200123,0
31.448878330968913,31.455251179316704,68.19356525674783,154.61314993103286,0
86.53089803289289,78.92616314481974,100.0,435.33346950141055,1
26.32972160916678,45.28647324110246,50.05692118736856,83.27004338880676,0
52.12531039397243,38.059310712267575,54.420163855187866,126.83970608355696,0
26.506832038818025,41.16814734063189,48.68221174246092,46.59935017407904,0
87.91336050513928,82.58249394977153,70.17760354130735,426.9017915804996,1
16.26597111030251,52.15373943674699,56.60512688865075,130.5839839054232,0
26.064701440302713,52.96705231677333,53.38962772857457,76.41931470013957,0
31.15026079147417,37.46533168818559,50.548826756707975,136.5356436320873,0
32.61250531233856,28.305661437345922,68.35357834735488,57.62637250900694,0
33.08050539504102,38.51877067276195,66.66316412128761,123.04914878382505,0
22.956563094572406,46.738275997611176,57.106889019109865,98.13002184389191,0
17.077373048943812,58.0975213761568,50.75616934142139,78.17378422549662,0
36.46006187114551,35.3589315750953,68.54748082219537,68.7376056310166,0
19.627538456735437,33.1804636835205,45.8823744161467,128.63641664515237,0
28.876719503091703,44.46889984520484,43.8025709357663,118.44913045995193,0
22.95271564389116,55.762859233240405,56.36509220176333,112.1097517002017,0
31.994239859867672,31.836951191558434,54.98182596462345,141.39196522104945,0
29.22898290585896,50.662434885749036,47.09171408008395,108.69756322903369,0
84.96598322624047,82.20737054551873,98.11932715977842,450.9857320101051,1
78.7335299461995,72.97376842479409,95.192332262697,392.7686944968412,1
22.904201452508275,41.99713497839306,54.06002981283811,44.21761946695699,0
20.95385625006234,40.28966267593419,47.75164137430275,119.7247010886402,0
86.04285762125689,80.00394756157318,84.55056223720342,499.7870237065834,1
34.367385517335094,50.83210436640604,40.82558592221344,38.06953327076659,0
30.409191753957213,39.66888494474646,37.76377051553007,158.2840730490962,0
33.686733088729014,43.53932140145674,52.04805593973159,13.557760106029164,0
24.71383318250243,65.49089064731331,39.01060262802154,141.14794863559598,0
31.94051943605874,41.425740504916945,43.565667512964396,41.18479461297131,0
17.204230332642986,48.7548972992394,48.114161033078574,64.04504756490681,0
21.917342783590737,48.26501901188622,56.96113384463357,24.45906349138373,0
29.328217099506446,45.22500202875192,44.6864833186238,120.17276062258242,0
30.83826627929361,41.10254859009643,52.21757792049052,137.37096070546187,0
26.116530616988417,60.50030959789618,64.93189011682239,158.35276543425877,0
22.980083121932445,36.10333795235402,67.00984597322096,114.99630745203103,0
21.69049883588962,39.235255205619055,67.38867277751676,125.16341636056,0
37.04506539824723,59.34095780389195,57.21060675436112,94.51340356503533,0
33.49800024567907,50.692962842452154,41.723870115074696,63.506979437345684,0
19.85240506814148,47.33261374493015,61.03089729245725,103.19427343077216,0
42.26933223884308,34.53670697485249,52.41534053367908,58.202998615109934,0
96.94087957971229,98.98038804203397,74.56291601834695,458.27216663184333,1
37.19757942148182,51.38834225778308,68.3290380689757,46.56692619397913,0
20.04184605209771,40.95078189786568,49.560885688635494,99.36536326185946,0
22.000594932980658,50.63453373512628,50.76255783997064,121.08284794712462,0
21.775800676177994,50.48902491447449,50.42515255272552,121.42616205409897,0
47.7080063563551,43.94570189759047,61.20190318989341,129.44909780660507,0
87.95983371104597,86.53025722034148,94.94063582005018,537.6876489106795,1
26.294172375992172,33.67979676968119,41.55761438270585,84.4913253403373,0
47.55340842443204,43.71302274788553,52.736862050230144,113.37101864306085,0
15.981489372077192,59.52545527543979,53.51329164117759,100.71879660065882,0
27.313542466902575,51.49610961406181,43.74455909386129,118.50191691190999,0
25.56955978871518,36.9014102193937,54.01750987370993,176.99762052748227,0
40.654803750653514,36.60734021404287,47.22553252424174,94.66736773927575,0
37.189533106650664,57.732289725402275,55.66204765445757,120.27210378209897,0
51.57308213265503,48.20126996760736,63.841160142014765,109.89333206730095,0
28.967452398509526,47.73846529066176,45.934470383285415,37.140432496949074,0
29.643585177025166,40.52989922398479,61.90428069424151,83.8674093071317,0
50.62524919243145,50.741626788141886,74.39825985416499,112.58839769563039,0
22.480306682611808,43.953810147845076,61.0013539554504,63.61391896667846,0
81.7097606053557,77.43327002684259,84.81329101848998,493.3324862281177,1
42.378163119734616,50.17426346291097,49.50132364892199,112.52572092534129,0
26.793323744428083,52.50779259700931,44.78059311775951,140.1123900782056,0
25.10560557481778,52.188262327805404,66.85274219109519,113.79099890369179,0
95.83368740196066,73.9410137297567,81.49312050840886,359.6000913704235,1
47.24696649761108,37.58839896226526,40.20893122997302,199.0771653489365,0
35.41462728204788,54.736806506009806,49.51609799409722,165.96765293337847,0
30.43514668643466,45.239902699401554,58.3047548097185,85.10726585718064,0
85.948755384455,76.31075028443503,83.6049329284004,484.87812000948304,1
34.38475738809727,49.05250053999865,50.115809298318744,75.46545597507057,0
20.33023856870787,38.638612304344186,41.68299846534071,92.58936340278568,0
28.92969640045442,51.09522651211882,44.96955693258033,182.19239274554593,0
19.60193468973116,52.901932412845724,41.98038415023427,20.312577346031453,0
38.50221742113493,52.69288350209375,75.55253693531527,111.00994750273458,0
12.269675317931185,64.45974536956489,58.90582134789541,123.61081244301289,0
25.906915259042787,52.75404767187714,87.15554432680004,58.957276690353694,0
34.4426331148604,40.00490731064977,58.2262094368119,81.52097608114865,0
26.659227690200595,41.94964852120567,55.11311632676528,117.27986253478441,0
46.69021525289393,33.1541041784967,51.98658598429071,104.06430874760044,0
15.034707449099209,51.23040412732822,51.633139520817366,73.39438802862351,0
23.462336613511802,50.14133721500853,41.49884407572365,129.3924537404167,0
33.8632331781156,54.564725882981065,72.42311958777667,62.69762446213178,0
33.83435031403644,42.701373184082385,53.00509513215003,120.9264013360865,0
38.89037122279892,39.22744761796519,48.379145778012486,66.76469344579479,0
16.34175844584561,63.97232151034425,54.48572502807595,78.42748305556086,0
74.97600194265286,77.89520707378333,85.71388227170915,478.9232654051236,1
29.225565392740062,51.239407311236725,85.29411131928994,114.65309934164308,0
29.73594243041073,40.84052389332833,36.07325954896599,3.3854695168588123,0
24.23096344337597,43.80819227242866,74.32351576579445,108.19429200870763,0
17.434931057207436,40.047134002941256,33.74292938267387,88.49663409631611,0
14.672994401100691,38.950003166416245,67.4647247133062,88.19194987589216,0
16.042107978075148,52.85182399671543,71.13622207876737,131.59630987415574,0
34.92451264008149,44.90686755234955,51.48690497473054,68.6983485469422,0
35.298041779152825,45.5798279936267,71.76112212878189,70.72563160567744,0
39.68644990532889,38.297017314893516,61.37040594480578,136.66825890356074,0
38.49611988516213,31.656343659374336,53.88087201349882,0.0,0
34.07052287124535,45.50576433766541,55.89865101245869,151.9852514121376,0
47.388513518533316,35.963404463547434,60.731065834636055,50.34802909036173,0
46.786746733725664,58.38881694049757,42.679474098576804,123.62752179376764,0
24.301670717612414,41.80311669483728,35.06554713779293,150.69094585273527,0
18.69111564674084,37.477372723969964,49.49921964144647,79.61733988520673,0
42.17158520825497,36.05153159838373,43.072948849895276,135.83403520411224,0
44.76540349725896,47.23975633801614,45.0618332335179,119.49252652213264,0
29.451059993837138,51.2885169784289,66.20969730680433,66.40810370605196,0
34.736320768114545,39.52352254248605,59.192362641788556,0.0,0
10.245122287828625,56.01902750222686,75.19177112815957,117.07160773034578,0
31.864543147694278,36.45775517039217,71.16329493266795,133.36221807397476,0
35.835443030118874,59.8718936088031,58.350881214652,70.62719990746506,0
20.754358856219003,49.091668362862045,51.01272758499894,114.43442438262724,0
34.5353430151398,46.47347409245052,46.33183114461965,57.179674614583206,0
14.158640569945103,56.07481725912498,32.75521310537052,66.1461203394936,0
41.27908993253569,46.02532928157323,54.263607518801045,127.86526004870987,0
21.793176816482895,46.53511636040305,52.25832947428551,65.3210617426979,0
34.96199187363316,36.64069344011709,68.51720460095237,102.45374656963455,0
92.02571198523995,75.13687506529543,78.04451161801043,445.8608750319115,1
73.92497484629048,77.94704738227746,100.0,425.8273108228026,1
24.393923631526903,48.78924905805795,65.27257713730616,39.28195472626993,0
34.37313187038961,46.78311796166147,43.644234127026444,128.43096100700777,0
34.21546083536561,42.713703535371515,45.677654816543296,125.09593942485364,0
22.27431251243759,43.80120586622546,66.28443626347958,167.0660321104544,0
31.467930119855495,45.881205714036604,68.46643999952042,162.1985091090306,0
25.68874430424901,45.58710751232653,53.675622888497685,129.3985926300794,0
33.93307050005324,47.32660633256789,41.55897840969359,141.15509766715778,0
27.78746376414228,46.12412603220232,48.60596477464092,70.34978529962068,0
33.958197810959234,44.609034721430326,62.247004497800496,59.91563581464901,0
29.624293550205188,49.31664783529783,81.1275213705888,102.89441559633538,0
35.055892418358745,35.616579510434946,47.098316856864926,129.919815945088,0
81.98579624209715,79.63301307090165,87.72549335400153,406.25566643530817,1
73.08312310119197,72.78065672979479,92.6313041901832,390.29633942894293,1
27.211166058492434,52.74697297001122,51.226674516428446,100.71421205928698,0
32.407531794885685,49.28632549801758,61.336432054575575,4.073476189964094,0
33.33662105286948,48.96740208328926,54.624863030149044,108.42541780860233,0
31.713682811899705,46.56207138323388,63.6351939714987,68.92904363251759,0
32.897748568964126,42.768761793277065,72.087446146494,176.03327260262978,0
37.211353625455814,42.97013051894352,36.962139164804775,146.57903388200023,0
28.271982626035356,51.61718239865105,75.05514952364362,83.49122883220943,0
38.657551941701215,54.72317054073933,33.0921040520247,113.58115149616864,0
31.704162223754878,45.692536509202185,39.44741568611286,49.44513757065134,0
38.745170741325225,47.20111213612397,53.43309451245794,19.88206344539229,0
38.93697689389111,50.72587081117703,65.67116109710771,105.93854726187556,0
19.841211730100216,45.557547078297475,60.30803511971437,111.79738940440544,0
31.81021558703707,34.545431552227996,49.25734879938738,20.64951162187822,0
29.404746439382,43.017473727383376,55.45063691992676,108.1310488422985,0
32.53165238037981,39.80329540698486,67.83336865749028,82.11019580850771,0
27.410950262959226,44.71766262850169,45.714633053312106,78.80886991877126,0
40.85982116175032,39.553336499171,53.966054750806066,88.6344178124413,0
81.56259098340324,77.01288997057216,84.28962184280097,501.51611097385563,1
29.65315112613219,47.154826607597194,54.18156963600797,79.12677834047408,0
40.32546204341657,45.51335721344696,65.22314884949012,126.5820965757673,0
27.210370696681913,39.95851585295247,45.35531606926378,94.48856555230878,0
13.924401356310259,48.07640233605958,46.441692347606406,137.45349523317321,0
21.777796044335684,48.632098263080856,54.98053939643944,0.0,0
18.69796275326076,48.074050935902925,74.24639280721439,99.73285707789312,0
43.74876419148185,40.58348416383547,54.05693928502772,129.71613221734395,0
41.91899334413573,47.646323822995186,59.277725256033904,128.53192706482528,0
61.03786487360307,67.68703878974415,100.0,383.840117894858,1
28.720824085192334,51.95647550171307,68.72279253914336,32.199288280987695,0
47.04105516255491,37.154626445126254,33.1002670364666,61.004627814438344,0
25.982049730583665,43.367540512555244,66.29279861742317,113.84137643643207,0
33.308513046155774,31.195376813493272,50.39898469637282,110.0637122904695,0
90.83874428091987,79.67857783619392,88.46883151620575,432.9574723098784,1
41.590740649558974,50.433599533068744,67.39569081896838,162.55845347438816,0
13.108169620327384,47.77139954670632,60.387312618315974,118.53078276590081,0
51.70942717497814,52.951634921606754,70.46958202524934,100.71890317473233,0
89.53844500233808,71.6922769911095,83.27979224727343,459.0550756789359,1
22.842400108892484,32.919602126311986,63.152478046889456,115.43285945728891,0
23.32220443531114,44.52938784962708,50.61840474645059,83.16265741664937,0
12.068935474654232,46.67910926599308,60.86787436792054,146.06060583732005,0
25.191662104880205,44.54659418141487,56.15652547736843,108.16001524310767,0
88.68262254705186,81.88242540448476,97.00744264507244,471.2459799420646,1
29.16282040150788,54.339604359208835,33.66156726920983,108.04267960125568,0
36.09138120907177,45.32204470715439,41.602589737791426,85.39779868780117,0
35.530400858523585,46.36782254898324,51.33629015777722,85.61229337196706,0
85.85148333145031,71.85304577340216,90.96401608662474,437.1216044087949,1
21.361170394102338,37.58551804138968,50.350136040763715,42.12468132957187,0
78.5668984947145,88.11944532660661,92.11712191984927,432.3521195147489,1
15.925362256234447,37.39711590573013,49.24038224621528,141.5354414863853,0
31.75536229578598,54.62139486999291,56.87308886148223,95.80911953273863,0
77.9829284924206,75.43716217437257,92.0509077684965,490.09211898473217,1
20.745753739404126,48.49218236337749,44.66267884642856,155.55200414478307,0
80.29045980246406,79.1098475721175,98.52997837729019,433.3260244332902,1
21.607903326609936,53.37837664132947,60.16435169807798,67.64823526334276,0
30.139292919129463,49.96546760118722,64.37629743767818,60.43381928028053,0
21.303369187253058,48.07005503644704,36.82703125122255,120.87564936540338,0
28.419921014210107,50.11700438749837,51.6178618072348,100.93540500624725,0
37.682072166317376,40.61858787620778,72.80668184521313,73.1447822542019,0
44.436320034688144,48.14879049608557,77.00961477234868,122.23433837269627,0
16.328621935397543,38.42591101160523,53.30620393188633,74.21511475686108,0
24.208758903642533,47.06598685536191,47.626917706625896,147.69909610030285,0
33.73348559711398,34.47867198449764,43.411985033833226,104.71377304565203,0
33.61661061247017,44.665405247306474,79.21367738551636,100.83216095090177,0
40.417246640588516,41.38718350689996,51.02512829345926,93.11874551537322,0
29.40584818727506,41.549572075355236,43.70159295678708,122.05593371112968,0
35.706129972195306,51.627652965583096,57.63170695758465,112.7263730963954,0
35.8857840442061,40.80125024258057,59.808847044299355,132.09331111537864,0
27.260069181706957,50.087558324812626,59.420224046091654,150.22710102964402,0
33.015473423336125,38.61032356492441,60.202749522302554,111.59137914632888,0
30.76851882958768,44.77406174128168,60.375168793275364,105.38333139248988,0
45.421099525678756,48.15673844343534,56.237410989347644,122.41123574715814,0
31.76820872139398,38.65167987694557,37.577983057978784,69.01263769344621,0
29.11717951648745,46.05982133566213,61.052380788620916,157.87291360446136,0
21.049301577233955,49.1827639412631,60.25007444167644,159.52538508960808,0
14.99778138553064,62.53814233749826,47.17657415171937,28.514456496621943,0
85.24214936886895,65.71590403920425,83.87492772735739,462.6302991346468,1
16.769102065925015,49.470739979162104,43.47064530106132,124.51536287052735,0
28.500592809208907,68.64168043357851,33.45844964056158,106.55805923579243,0
26.907876241487855,35.66810151655535,56.59117206431321,115.1290514172604,0
29.37360422672765,35.393131837070854,35.46095142741791,144.48596251226394,0
45.09131013404551,59.260474478028506,45.367339405301,58.87845363628546,0
86.15748904420029,73.22080008637036,89.8543421010074,407.1278787041236,1
13.836893915634121,36.969883422918016,40.438439678164926,79.46413276895754,0
34.258872061930354,41.469913889311634,58.90302011025213,166.06555794743517,0
55.11556551584424,35.27153899765132,52.63173813598403,75.24066196455507,0
37.21562505126143,38.708401328293135,64.30810359538827,78.39443842145559,0
21.04653677636976,46.36553847795822,52.28005355531201,160.38187450450528,0
43.28640828248231,38.92417204230168,45.0023017200524,110.86328800614369,0
21.90619178917246,42.98294816304239,60.956579758346145,144.56329744541756,0
33.641402960546614,48.26511217788183,48.96896183313178,126.69532412562275,0
47.54794181984364,45.32255455143206,63.72605511440739,82.75995576668245,0
50.93197932209945,37.13114698797459,67.35480308587302,133.98087947976495,0
30.519458858072994,59.57862225476858,52.40297546033955,88.84820080913788,0
81.49537081517171,91.5616896882557,90.84825973701712,265.30494710802486,1
23.309272613400836,48.164474867817695,54.06492717185781,91.50165099862922,0
96.17554764986257,91.91273912716358,87.49801179544679,339.00879148420836,1
29.641739608900483,54.064899093718694,33.78211705896122,153.6532027819872,0
19.272569742601934,42.284869526962716,55.31422179022958,123.70084039043488,0
37.760279138434754,55.38620737142595,45.25396633928404,145.67323710944933,0
27.539375118700516,56.05606524186402,82.59962949263769,103.94104099621552,0
30.260910502108338,42.14777924895879,48.173476297631574,79.07582772462014,0
31.54493665595251,48.66326647910012,35.145875261047046,125.49332165088771,0
33.934853854217494,45.04391209329093,39.261472407555985,88.75907210895782,0
35.522999376795234,56.23933882795583,52.08725692826765,102.52070635596914,0
31.0537550614596,41.127759282569116,72.20350023785136,55.701543654892376,0
83.33670151947109,84.60461772706896,100.0,566.277537364228,1
36.197114459661364,32.55623326340859,46.40326847559105,117.79499666708492,0
18.53654606981312,40.718563843138085,48.749285153154844,91.88126627408458,0
27.964196398976384,41.083176002973715,52.39921853012246,122.98246870146862,0
84.09122457892201,87.25919982315851,92.44235352010892,367.144837463396,1
27.569388011191336,38.82627465012978,46.366331387944754,105.01563887226953,0
31.4098269961206,49.607001252017945,62.78912061265001,109.09255181969272,0
24.28821010217203,31.750664756869636,53.61774005468225,104.03051291606396,0
21.837827554580354,45.74328043608151,59.91055094327856,68.37157522045733,0
33.35058029084117,42.837279897814646,47.88640920185624,80.30223550351133,0
41.64739354457171,49.361611435223665,64.49796923167548,58.69429207511769,0
92.53784014054268,93.4584378503791,94.28896438078597,492.5431026098193,1
19.09600922557154,35.01787318015683,70.59845492236725,103.7670587669457,0
42.769653860881874,55.45102173110242,54.91293161841207,59.826389508016405,0
90.39604026523858,71.78986188146001,95.04171311699342,401.10791340449157,1
36.78946987762233,29.470010238342304,51.344528219743175,87.64952835226468,0
33.840654489393074,39.35536149617365,64.38331042542302,88.2627439074675,0
89.11306159994496,77.20080812567663,86.02541335618754,451.8760616336893,1
39.98010109859652,49.92199779554003,66.21585648803948,105.73146687528101,0
30.22630852676869,43.97463530490287,72.15423590231191,66.62494752981048,0
17.978504739239114,40.68257246936204,50.29542660799463,141.08017647150626,0
36.96206364813418,43.69324726380589,63.88150796926293,145.48235440182088,0
20.016145608117085,40.79211413131807,65.65364722694618,127.8772253985103,0
96.17172560364587,74.38757876428757,74.07456450810093,395.31614232304844,1
32.327867429401635,40.58679082070166,73.48129388492838,74.8070078301436,0
8.038721789000537,46.061600905015126,25.474770134845535,97.66310757920554,0
35.212799050138145,39.8608669371529,46.30561277158901,94.0551846627418,0
13.075353702851807,36.347049427786764,65.35305510343224,119.95657603857659,0
26.573124059196513,49.266682316460205,32.70050214129871,158.36643976754766,0
14.441043537963727,51.57048015875261,60.20497131218242,145.28387523338756,0
13.935536797424275,39.033292637481274,44.88042026458057,72.14825683790421,0
34.28816500330573,56.13282498001547,50.97828233466169,121.81033932104478,0
22.669670044760107,44.33261236162322,50.72287455369906,117.8954518589371,0
90.834958361038,73.43321077676265,89.84144644983375,424.82473443201627,1
20.37267434715388,34.40318649128602,77.50270466180066,145.14183110124745,0
27.909767427139748,42.65637908788849,62.09308637590266,88.40315387899939,0
31.722543864110374,44.12554883273504,59.89454861076989,0.0,0
33.514799003522015,41.043188825527174,36.51090630021565,61.54994050195729,0
32.806364044901365,55.92178870671651,62.019441917037334,60.99914460245943,0
13.997288954962901,53.65782726289086,53.52437264038757,107.28539484044705,0
12.36959844637266,55.47697285212187,63.02902252321029,37.236039012271014,0
36.05606232631313,46.029537792121815,78.31092614596758,102.7500022705429,0
20.35294574249285,47.699975883720164,50.76888283522711,52.11333629239079,0
24.477769557190285,33.61096555393276,70.65801715983196,186.01243173324843,0
30.768218910602553,42.38642102497841,51.161112663965035,44.67928765022105,0
29.430543762789327,50.717859080016865,50.14364971764009,180.76797010845058,0
53.079162506161104,47.37283125567783,80.28328218715822,105.69619466512529,0
34.63184795267584,41.2768557479747,59.172082506939994,157.28314415618252,0
78.56789601636603,75.54866278752199,99.44138194895024,421.2243109801744,1
43.17115067339865,45.3452971605639,39.800416058720685,76.62026268822405,0
31.684609762696144,45.521567156787405,48.61682190049489,93.32641329224317,0
35.14254756017835,40.817647993829176,21.792094928771224,198.52054755100096,0
24.18217966607946,42.7728904886745,66.39640461133443,126.23842208565495,0
30.0855608082435,40.20891718539672,58.98356714279864,134.0374771110312,0
82.69834355560418,70.45145085343594,100.0,355.4852505178933,1
29.99686327388225,38.856678501959664,51.07209309913125,105.4570767226912,0
83.99086760098146,74.15318786432968,83.73718767311853,514.2800791059956,1
40.61370964873134,42.9021276033498,40.98999011343143,148.63494248795922,0
88.61329978627356,77.94110433820045,80.76688925518816,414.70091631631084,1
21.1924591039727,42.73263802748855,71.16007601681375,77.25842780443998,0
23.952553354617873,56.255405427834106,45.752584598495936,60.3655698393314,0
32.99292580406492,49.13795282546753,89.96931058922034,112.62877689186097,0
26.024422345082787,50.51804159645202,71.64351868327937,102.54151820627268,0
23.431057210286042,40.45444626270283,58.68403672006434,117.98850429986034,0
34.40474737960399,32.80059618283271,70.61322475628911,76.47387498717725,0
26.773201611578642,63.92119295083558,55.12025382088683,89.79175462241501,0
23.29884799545767,51.44718087811695,26.96883163533884,79.82539198477573,0
40.76007138598598,42.90825937679557,58.45780049848305,64.63563435880315,0
36.48280433843859,38.139563887115706,61.85129192730638,175.6336168015666,0
91.53299794609784,73.87599518160927,87.43908684737575,495.95220125157084,1
17.791563500289776,49.871046873656496,54.77053384175551,134.58339167007085,0
44.51001438131336,47.01619857813842,51.06839875228047,80.48523647704819,0
40.97152711753696,38.54467766197861,65.77963059626842,85.81278560276968,0
71.79716396676376,77.11431765329945,84.5725725219554,432.1850212768695,1
34.08652811480671,46.10666413106767,76.66802653739518,93.9454838569703,0
44.84116028535965,39.33192614962901,49.40057238189225,96.11241824706255,0
43.03507931934759,50.05872377421809,50.80035903578453,141.3024688144221,0
11.637946268967035,53.786020518624326,43.378196236457256,100.20341584512936,0
27.865528482881526,45.68469305165315,60.002476751080486,130.56633199727577,0
45.49020151495187,49.871524706585944,50.22007584542046,115.44904256418327,0
27.559195263257987,56.7398110913081,57.165617701974476,99.32794736089038,0
80.4085229354064,86.63043010674238,86.50422789746175,376.40427003282355,1
11.103507079038469,47.68045197040084,57.282531512114105,52.84234391570485,0
29.75804393609084,47.2415160456418,52.0498201906722,139.85850461651935,0
92.70085819261323,69.60003093934449,89.22554512446462,421.44584942714795,1
17.031680520441533,30.132366921095347,61.187927561000734,79.19163946183676,0
40.587285298838786,45.05409525222979,64.7183438184505,128.66910590869372,0
26.331755881853123,34.440108222510005,56.11291678935463,134.6143483620028,0
42.37653757511998,51.398540149568234,67.4309945131844,109.70383748613841,0
18.96410682784229,45.10977565530137,33.880493414209,134.1244105779896,0
26.40370327547538,57.42843594468034,47.917424653594125,126.18753972032579,0
38.712972974572445,43.861074089016356,41.945283854688896,122.85132212657186,0
29.070557933864116,44.60247982879606,60.06362585720149,83.89327155053074,0
44.511436077950414,49.519113985219356,62.5746922836614,103.16811714758575,0
30.34027411072232,42.98356041154105,74.07874713772833,108.21653081831003,0
22.12216248091761,61.27289240026392,55.55453924405101,85.97306425365615,0
33.91804005402547,42.67998040102948,47.527938801371405,152.64397807401926,0
34.41940649569409,42.70535478086434,51.573500496313315,50.067887925227275,0
38.33922154548904,42.41742392677976,59.89227684204612,104.41341732637503,0
24.2418175935532,41.34507900986005,49.792114453408516,161.42523915244126,0
32.27459934604129,37.71864396128871,71.98245432042188,17.888702673178987,0
29.29834288541353,38.574167267724846,30.290074195692156,62.519720750155706,0
50.9238727568546,42.875049723138595,55.1693002750375,85.08896822140987,0
33.24083969394795,41.53524163742349,77.42879804413913,78.79641655980521,0
29.623652975751515,44.06073852526153,57.4905075386649,103.69525835995879,0
87.01323095189242,76.86426022029053,92.73073056938165,406.08343014661693,1
32.95624488747095,49.817437145170175,59.40639758530465,107.58591819499591,0
32.94224129013494,45.64438596118394,57.573559209610615,63.90341117023498,0
80.72199356327268,88.17377974070274,91.38766665464311,434.78977178455324,1
100.0,80.85192624256382,81.61451284882428,350.2993486385932,1
78.95972803271601,83.27738445634493,90.16370806984446,451.50427621285104,1
40.38378851019316,32.6573431076756,63.4475761215308,151.0308728303329,0
38.48174212666668,42.309288363849554,51.09113328180856,108.26022500583322,0
19.323795706174057,39.82679939383737,67.63056772881698,127.97800362426167,0
23.779651944456187,42.66559603321213,45.73421243545669,111.31312640474812,0
36.9822331361359,39.03922014154477,64.87087505440577,154.96543296600439,0
21.147513138757777,49.42551419822295,58.246161705596805,125.44721954736144,0
38.204821811973645,56.01613951588574,60.816815775627084,99.37248132972249,0
45.37931918412553,34.9638898263284,54.022528146665444,99.82072814492835,0
34.32959825360696,52.58201648862514,49.51961026367785,137.49625129877984,0
73.77041292203806,76.58095979394331,96.22783207352089,412.697024425191,1
11.538121377619062,44.38019049791891,53.074599480812395,66.25613549873148,0
33.79153118726124,45.611740002440854,36.40957065822594,140.2500319773086,0
28.843517176117594,48.86320180275508,54.15731655310449,53.32708921863735,0
12.96128413173281,37.726221821425824,72.92713772370637,125.32266189988908,0
33.631156277445236,47.46163648481841,62.432191545216384,92.67636861554863,0
36.10370265433465,49.0458496654769,71.53771216597136,121.51934688603764,0
76.74401686907808,80.05650681792307,79.18326435525952,317.0808986759718,1
31.7847666388539,56.65249275376392,57.012298418314735,86.22616380265167,0
22.871542173228356,50.205562428781214,61.441689630698846,126.96993233699062,0
29.016603732052502,46.35365616346911,44.188946577350166,177.8931394761713,0
33.496500472996935,50.604913632819034,69.05342877685085,88.74825389321722,0
29.707371863150218,53.909003137798855,43.703422166328814,106.43901990348623,0
39.68184660532861,45.38502055223362,55.42354468894259,116.54591593129494,0
30.14688194729197,38.62548438972257,66.27682578096525,66.67966976642239,0
29.358158387111807,44.60057095998191,64.2305833267486,44.07671840324867,0
35.02744807490814,54.174241389694245,62.4732295027306,66.56240895333966,0
36.7286123596682,55.78308867843671,41.00830977183447,160.63780585176934,0
30.380034781682003,51.747348538531035,34.74358809762786,172.17643306793698,0
43.29152530132431,45.79871044558564,44.7106908454334,87.49690298421237,0
33.829889847409284,44.89105837790794,70.68562507780857,27.709507617370637,0
30.413256322706186,41.29701110057811,50.48886105434372,127.92333859670673,0
39.37570137626558,46.27392917835958,61.0961474926552,96.95257320192324,0
13.56811188845833,49.07247239439854,81.79739100558612,34.17951019498615,0
32.57975981221181,45.087653050308504,51.32325487496176,91.45291317647137,0
30.070631586281763,65.54784344471928,48.54467240400231,97.77637907202914,0
31.430487698789523,40.56487339154331,69.06729951529682,145.1437626991432,0
29.790984060358518,49.04154467574663,43.11252131947291,128.71384915985067,0
36.628812686674124,47.50841157753202,75.22842104841966,181.79755192124105,0
50.61503576636398,34.00193354217482,26.731558118471703,111.09684444949373,0
35.107920885275945,52.35034329087399,33.24726441912229,55.60642042920371,0
20.903165830181663,40.07258572209119,45.397896416030754,131.29864087498694,0
36.078965097165394,34.42971151610323,58.10665018855247,121.74616513122427,0
21.536402801130272,33.66578860438895,44.14845776018092,154.76457470699003,0
47.031726099180375,36.73837786059741,48.70168647610679,127.08121879203226,0
28.232258368842178,43.821062015797835,49.961836050025255,111.68142886923631,0
48.73297776217546,42.77567374187823,43.54673648450844,154.26913962848485,0
33.79767636040896,38.09067674744579,65.25325301368667,76.25083225257032,0
44.0934744018558,45.09415255233505,48.881272565612406,63.4138505869708,0
23.91773492555241,51.14283287415994,57.201450717666795,78.17095837455224,0
24.234895992732806,43.62950310321993,55.924943336577925,79.69228919279634,0
84.14298226263459,82.3627879642093,86.54612604117105,393.25752040544603,1
23.768594735752355,38.23952156995229,68.48112744514914,111.4509334710977,0
43.99355436586002,36.68564332057731,66.20572511289996,44.026278088565,0
20.354622050898087,37.867910300532856,44.54091434717886,198.1575469170156,0
20.91975924478789,42.54405398946468,60.815096546071295,95.17995767106702,0
34.23599065593461,33.13518593038371,50.80885737582446,82.54839236023372,0
24.952250787717826,52.68054134124507,68.90166395767993,161.51419805305926,0
21.387157986717362,44.13185028827002,59.88508460078598,78.02599635194679,0
39.34319911239274,46.41596285334853,53.19822601579073,99.53640862724716,0
40.6977145498385,38.374564428081,70.99852673656054,84.35287345457115,0
87.24233033572726,65.19633910255148,90.39356497744072,482.9587030491738,1
36.92855755817811,42.35829437776453,73.14481538969744,73.99624978765378,0
3.968629121727014,43.32873178555596,49.349802038532594,92.77798836457043,0
26.251791924504026,48.535147617916365,69.342128938137,73.4735049676284,0
21.718037270347654,49.095149326014585,48.312624284625365,127.87031450857204,0
33.23079273116029,52.980474925466126,68.85997072649941,70.81708267118437,0
43.111674978026244,58.88592894835126,56.62621603350154,132.96346322177055,0
31.954817315532907,39.42820738304651,39.28321630758842,78.5901718423842,0
24.64764788439432,52.82984960978728,52.540810309100706,123.78036010525878,0
38.11396554491592,42.37056437497862,60.842104827609894,101.1660764930005,0
37.2762954363698,42.34868114377835,50.64189329520621,65.99966980958456,0
28.559124442783844,43.38589521033471,22.330550308096733,122.19868659994452,0
45.213160519224516,38.73200427352471,68.83495907445771,103.65920023910274,0
22.55097355193551,34.9633592325011,69.6736950656009,149.30913368273139,0
29.749730412548562,45.60911536274671,46.64246692255974,68.3750403490819,0
41.86734620177331,50.31851065867154,54.85268159797389,100.34150460716675,0
35.16178287114958,35.04439245345655,54.03021312203731,127.81170906657542,0
37.82873734948573,35.94814424716521,58.83913434213728,118.83868279140648,0
25.28961694381677,56.23037375816018,49.85155302288801,115.60770442421611,0
95.47191527783289,73.79750314015499,84.67639613569,255.99435613996718,1
45.0339830176715,54.457110267409,57.315875701275154,117.64959288681085,0
95.0245098154313,65.55915340917247,88.03623432841246,482.36840225763126,1
10.314957865619462,34.08394954611642,64.54281099108618,109.89152502510957,0
69.65128461152557,70.62755522770136,75.70832237163103,549.754304438607,1
30.180168720444467,49.37722833815052,52.26538853941713,58.96226641202287,0
37.59712295484169,39.580573271529694,79.37390455687877,58.95859009779039,0
48.90440685155782,46.79898211910081,71.34113096008268,178.74616401538336,0
28.49944412967473,53.56764127202203,79.26608920104854,119.69749356616667,0
12.2376476710168,59.44954094396687,62.866652299461435,0.0,0
32.23914134064661,45.793760743766825,60.949186876186126,110.46501054323083,0
24.982429564154636,33.83670829285667,60.1476153825822,103.09497131043334,0
19.75813175670795,49.521232941931245,68.59511664761241,90.00909551838467,0
35.009171876243805,52.43860103551268,51.58252708581526,137.86205445693895,0
25.120885918542974,40.20855788571042,57.687939626812586,0.0,0
36.25508016831036,57.272363614459096,51.28186118363112,36.39234706982808,0
28.14154247807253,42.63529434066018,55.48627530780412,98.34168150680857,0
47.359638031652494,40.03398189870067,53.400655417250135,128.62436271892363,0
30.996513650876413,44.62825238812162,42.947946084473124,102.21587647133336,0
41.965715016644914,45.75045573428093,25.278495197474953,54.05666739045045,0
30.469349020603698,38.345165146093215,65.37269796887998,78.03782275364537,0
88.82799785436711,78.30035128317384,89.03935123529024,505.9632241294053,1
35.07274031107298,48.19681607511279,51.378418079244966,89.15561229412825,0
20.733016911526892,51.93833779048666,70.551134338885,85.60979933577472,0
44.53275476042545,48.56506726549406,63.422587024711525,81.17843441882331,0
31.833599197791557,50.97241081536088,69.54508863187283,86.97946348020254,0
24.0842861116417,41.611170537906276,60.3769400921547,93.58055118685749,0
28.819314730089214,50.05712889654686,43.12418840602764,85.10973919497181,0
19.803356613078844,39.74489275096081,47.930075344132696,78.89610629683797,0
30.600859946151637,52.219663676941316,50.14581898429966,100.6762478236045,0
26.947752956453325,43.16769196845234,60.206022881066524,81.44862514487568,0
37.03427916787309,49.467308991940016,37.882433062915055,136.45049132151294,0
33.03818595604876,35.56922257693055,63.4991946358888,70.45138937830455,0
27.829829495756297,54.09991160583494,49.238052601683464,124.64102834990686,0
30.34083468259226,40.747018457543106,60.4097480359816,97.93147554767816,0
15.973947282003065,51.290684122374216,44.82847345003739,65.8428434171457,0
22.27174785462428,53.022193025093905,34.59247300418347,18.462139004713087,0
15.159433350756649,48.712584322991596,60.41587389692094,115.28525103563214,0
29.066131411000516,36.7331926143493,62.47883075966581,85.83160953338205,0
46.28396623128538,46.62125231917664,78.82811693217808,54.58270763877725,0
44.223698616985075,40.13395449346189,74.25682014753824,104.467765204267,0
34.148655003619105,22.452885508100007,47.30301051971879,82.8559105220516,0
34.62103474263271,38.26144291656716,73.51368128523619,116.0615454287682,0
38.816397569494505,49.45177425498217,65.7004069728349,132.1594598356201,0
45.73986763290033,40.70911710110517,67.65544754184782,129.03284592155188,0
52.10523001591351,47.567698302998096,54.002397691342075,141.7510782560702,0
86.33634483335315,69.60387619431248,76.61330564094891,498.72753611070226,1
40.49552715319335,43.56301186352624,30.134378606842155,66.72115567685874,0
97.35466789576988,74.89251453895577,68.60588103442171,443.2691902356073,1
22.188436218688857,50.813486937901665,56.959067515505986,41.47594995001205,0
18.963301714696307,44.80247484743939,24.718511649850363,64.16211985644885,0
35.55512646342248,46.73236383348073,61.09134187531897,125.01158050168274,0
22.88026772741077,32.944201462297364,57.892912945639544,14.291206144058144,0
35.43600154594432,37.74583526838361,61.66890613651471,140.68262175880614,0
21.89142488789662,55.32578655016899,62.62294643924748,172.51628882634995,0
82.35068587315342,80.00804689973545,81.30929200268298,495.2662669153031,1
36.62130674521046,40.96506296565609,74.26813549698946,75.00755181856444,0
30.516609768510797,41.77785266197946,34.75747658352336,107.72088530871774,0
19.348863369246274,48.153470066446246,60.33510394087755,137.97029207411637,0
92.40232439748398,76.42811470886542,85.49470781695909,479.9614653762952,1
29.598420493556567,41.57779716669416,63.43904593715137,81.96862027626139,0
10.906439124927072,52.111560564944895,84.27849360382602,133.2693255339271,0
48.55503314794263,30.92848341803756,38.679717084272866,92.92399638036629,0
26.100762934405548,42.491174971409784,55.9346287237681,140.66572829263527,0
7.831811606459356,48.2738307270122,52.056310165746375,126.08671540462744,0
32.23884024279131,47.78703085585776,52.00127517025545,106.80040875920838,0
27.156153503934906,54.933249279570845,67.88008212236254,75.15460804815037,0
30.700521631131814,44.884021131242356,55.82902231269125,70.06467277235866,0
34.59972142939117,33.621191765065575,44.96566179154995,46.575733334145575,0
22.619429163386084,32.71146087906761,69.2695573774416,27.666317839030636,0
21.338251517854992,49.49610864507823,59.02192679842141,108.07548777165931,0
21.897475629856192,48.40416995345155,53.24041871147677,80.39330738493757,0
27.045985898609707,55.50192226300692,49.10952526127721,104.56930578009424,0
36.83569323200478,43.14817870906695,40.31506184012477,0.0,0
38.82333062323409,36.416744495311214,53.39646724327874,82.64609906589712,0
30.599326302663282,37.040769817967586,43.11115697510459,107.17718085179733,0
78.11409609221518,74.37095057685747,92.96074558069493,368.32010837855665,1
8.64325786021304,60.02077447553542,53.259595701658924,86.33918339978779,0
29.908810033557966,47.091584462252335,53.71066141846901,76.46553742772888,0
26.920384703609596,48.529895236268686,55.52680639748066,126.51974808210399,0
87.91769418566788,93.59708103344755,100.0,407.2867389752503,1
7.888646909921149,35.38315622570938,42.69131926030471,74.64845416888798,0
26.126380354471888,39.9355936430614,47.33121600601581,48.05033253558034,0
26.634474101218267,39.39586760356326,60.7941849489773,106.78161640873145,0
89.35045323110494,67.34990535554161,72.99352725721894,602.6149132022955,1
36.72573701202731,61.3647942177181,50.29995268595161,120.40266372684262,0
33.216785413765,34.87451257521519,51.115806951505746,68.74095736794983,0
29.08600442490885,55.68768864504086,30.74797214948508,32.53719027674258,0
31.335409047822818,38.341709407284306,77.1839568275986,65.64622886804163,0
14.84255885002768,39.5468640493601,58.37618016987493,71.1321418393823,0
3.6926986317093657,58.484000983987755,64.98510422048736,87.72014571349585,0
29.393391861853793,37.3199944525983,47.019448983962654,98.6937638503876,0
30.678555105274032,31.241108759664463,68.27754124974486,144.04878322910835,0
37.083038472010635,40.34744231748556,60.29703711871541,131.78564814294634,0
33.979270499468086,39.52186046216307,55.21877196564541,74.20764254426068,0
31.307405772860914,45.248962518230954,63.69795248182998,118.0998582441073,0
40.94191518470949,45.10156299483858,79.32180539250871,47.26894831880233,0
31.40359869848047,47.06858184113237,50.999439332708015,78.68827147678212,0
38.90383163519786,49.30461247321965,57.164064287966646,85.93303028624914,0
33.525049683568795,57.09574684767236,52.747580729511554,99.04516126762189,0
21.710049890779274,38.04993799240118,50.9068848143007,117.23384020678986,0
18.021221074111516,44.009319726431364,51.981377197790366,108.01579139505405,0
35.863640187550935,38.03951454058389,62.57702327526888,63.131286540723394,0
28.659828333270823,47.522581011334026,78.6250877132075,119.82066096579584,0
30.002070649181974,39.6376835831972,70.24105630305877,114.70116190245648,0
32.76581505591049,49.528331662795956,47.95634816775444,156.66645233191824,0
32.25761523111754,32.62308277105297,41.76668351415617,85.44861881560516,0
19.978125442185274,42.85790231949814,61.60154177461455,55.04395500308462,0
33.75698018345672,39.0897317397185,59.03016717664083,47.530532310195,0
26.896922946150962,38.24574689869531,50.69748966924868,124.98426579577112,0
77.96691125513853,77.36027229564817,76.75458553836799,409.73617115685056,1
20.01645959261209,53.418035536576596,72.96256328621027,84.66087924304453,0
18.238266634452195,41.9715373856653,53.539152954596496,89.96849571157472,0
36.59245668432405,41.935838743169725,47.3182419388756,208.03465878198378,0
77.88029954754288,66.19428958216764,96.34292327647687,447.6630981360173,1
35.62969236690571,42.3871222784108,33.77901489234313,69.96398536176727,0
22.27340554729176,38.71638430307462,62.32527783771392,47.669869783025135,0
16.92630217769036,57.21017780320178,59.30000885436306,79.06190280662173,0
21.60278157819224,46.95358700841629,53.85822252307216,102.20832035969333,0
47.753108926095116,42.49520446591113,57.819137501057384,137.12288026642756,0
40.88748619704186,38.97489585623263,39.22960564452269,192.1635913419676,0
45.33727709916499,47.89531380300176,57.26144315715139,111.440632305385,0
29.051757687191277,53.25190410817951,43.309990861933336,127.94301923448079,0
27.11451304124295,37.55651850118777,69.78645084896694,109.89159998297009,0
2.5249515727476535,53.74797294129023,69.19480587265029,67.33547880716054,0
36.98828420202535,33.0257765189444,41.01470168534732,69.5136614789512,0
51.531824575115564,28.757790812387036,68.25996642165298,104.18168982196865,0
27.618895636879458,54.60589921625594,48.07594672327357,90.3916451598992,0
20.42849085104957,45.061519098424505,49.60419767388623,110.94378293046711,0
25.354189218843814,38.88060510990095,43.14570311641311,144.49307297561052,0
24.359213692632718,50.395615539915795,59.87312822618401,113.87841187537924,0
0.0,37.520354721422926,73.51465726646941,58.88023707130244,0
37.93818467143816,45.12776722599279,47.502729006668616,82.99228186908462,0
33.01107339191742,34.645627871495634,53.554031033207686,122.60800868338397,0
21.71502975219754,39.27475710503046,64.51914995146036,136.96392515363155,0
28.76271053725164,30.667939699604748,61.72913521606688,119.54080553896036,0
100.0,78.64203264823855,89.90846025233444,383.3577948418762,1
48.56647436561955,34.51937323861079,34.09535269873803,126.57100817028503,0
44.2274813609994,48.714781861070335,46.46416107344118,139.94906280332393,0
20.956833748955916,43.99718759245065,62.281145802476885,115.05554247556798,0
79.73512952493788,82.72615080691806,100.0,420.88631270366665,1
38.231705839619146,60.29566426525278,56.37371270582535,136.07058751761136,0
42.36093175210437,54.33720021850401,50.769445087160555,92.83189382723437,0
37.14000494092092,53.351790620957196,74.99995911073029,108.16615487984109,0
24.392390930201397,42.82722237370822,49.50619636491777,58.460026495430945,0
35.15628088443957,34.99766775441791,81.84365292473956,73.2257561499882,0
0.7055130999773196,37.99559439261731,34.79195178644603,171.18647548350756,0
22.03974143196511,41.664123389965326,65.61330924858086,152.48831974406127,0
31.998104337187137,47.7793266891768,44.89245139875918,89.4316286002254,0
41.73473857485325,36.624094499683196,47.24509211024087,109.00683728907744,0
43.84532047593906,43.45347792542272,53.89401027014228,80.68797245260201,0
79.7256077051964,65.41049653370727,91.13702500390146,428.9420486939836,1
14.052969327332045,48.0922271546429,54.19587949929735,34.139544535922354,0
45.886269280435954,42.23301516388673,66.04611490078814,56.38431204770245,0
26.835915503051982,64.77031413702133,60.51045017919435,93.4194187281532,0
30.37937835447602,39.35805788258409,64.70786331074811,15.759751944674658,0
17.55345296688583,48.41442374759037,49.88114496603312,63.11787811290293,0
12.523634901717385,48.79542104836334,39.28014985921879,68.15473977828181,0
8.273304539859637,48.36410730899399,53.85850146935836,225.6169164040895,0
34.87872284871074,57.18659040617894,51.582453320230805,71.36696344501,0
41.17295831588128,51.26437389218778,67.56055256530917,86.06288198833624,0
47.586204841951336,31.33877960981979,55.68047978607119,130.31019120832732,0
37.10549102297785,47.64084281539559,53.39931613466053,109.98901948214389,0
84.97313903968015,70.36472398924427,80.31509458869739,434.0162887664887,1
51.65056067806602,42.29721056739701,55.00647235154654,102.49787906652517,0
21.49464721252956,46.64594709556332,53.36952341963445,175.8229909291424,0
30.469805937647422,40.04462341528147,51.60688806844758,153.90712342050497,0
42.36130721806218,42.79716419848335,58.3830162490126,101.39017913167392,0
88.29691440584482,80.10410847247392,100.0,387.8843299777613,1
39.475264621228575,45.451541810038,51.31046919981829,120.26545819636011,0
18.086965027973513,41.236479695541284,66.4361139785686,39.700043335929976,0
31.895816165987434,34.656713151563885,50.35010422113479,130.16343220153993,0
42.57149216862573,38.193912286856154,53.81669921194387,100.77037236124849,0
50.95843501809159,43.672145545833146,26.72897290081213,116.42027165945525,0
30.287448229348175,51.0052917770394,62.044690415134426,140.1928676703165,0
38.576596232020194,43.34858429481513,66.94498228539369,79.01324877738543,0
24.425082149921664,39.81656925567489,64.88107821474773,33.91590673228261,0
79.56464351245687,70.9759633246924,78.818698976418,326.2517140696191,1
31.647608412365166,46.960317398881834,41.596709390771636,146.11736707899092,0
16.95530499495147,53.16459381968477,51.40367804880533,151.39667139500332,0
95.22106679846247,82.86687250176566,85.39636536875994,462.5473151854268,1
20.50601111168057,38.91499109107949,49.83486761439141,76.98650527827684,0
19.32197078420807,41.001712181410696,40.93679284932166,99.91553280060707,0
29.313659539145313,45.407489089595394,63.725469777825914,120.31730679848064,0
95.83914345217471,70.59084657405273,100.0,452.9579273330563,1
22.811676123912697,49.44730436651344,52.43475702325181,137.96664280952643,0
40.987768519871906,49.14771215122433,61.48021362067769,81.07570346557911,0
33.71145873371309,42.300291583155065,62.310865970677035,188.81287432019528,0
34.60271624982304,38.80000340140217,45.61384655256839,124.40534180351737,0
79.90379512101711,69.98452458462222,90.52247701416474,487.32358144430987,1
34.31922544673941,50.284711362993754,49.537353029407534,99.8821835466962,0
42.77664895788425,54.84854322124225,64.10778034552135,135.34498195883887,0
35.75205016106566,48.5677815406963,38.881487312993194,177.89216915558703,0
35.93101257968384,44.194232142537324,43.8860408382015,118.57054972943172,0
26.30722860753797,47.42282130158406,50.16599885830235,128.657208146296,0
27.13995778119889,49.33323062611973,37.26397293634979,110.66086599912803,0
17.778721911080545,51.69406501463942,37.09477579425563,155.2973336362173,0
15.933389031517777,47.27904471750949,30.358161416129334,122.75078781357794,0
25.117261575484555,40.61035022659393,50.3390651081347,63.075232630538814,0
28.887739386512997,49.85746263233881,51.68397645946939,171.00148084509863,0
45.03419828428999,51.31589979960417,73.69953948126937,55.323219523513636,0
19.486900883606555,34.60776645656243,54.14097168527345,57.26250056616684,0
96.88927389614825,79.77049042949189,100.0,441.80849213665743,1
32.428820131502754,45.864004271925545,50.57436081773358,171.93659916659277,0
18.828135382929972,42.81549647563087,55.96434791155636,124.07744948412969,0
26.67139595617489,44.77570340523659,42.81649150900221,134.2928876762471,0
26.11479224816991,48.7783515897984,64.8630577889908,143.76667342460524,0
31.281044149107892,36.30427426515539,7.931196980579893,48.20272458638959,0
10.86719755342202,27.513572877549425,63.227432490621794,39.83405876208084,0
22.69069960058081,49.89243779556552,35.78582561426113,110.78414776252977,0
42.55756125573521,37.818923258213665,37.88020947027583,67.6173279164171,0
26.276809470620773,51.960091786813365,53.79164952619388,136.3365695634465,0
24.232286694316674,36.09656699221094,53.443923375656794,87.36144194589207,0
88.03866764029668,65.17844139900461,86.32377294786356,314.4262623456659,1
35.14438834058749,42.06395673139014,65.6389539130918,45.79655736899976,0
27.775251032217348,56.474795617192264,70.580013877305,94.25901322308174,0
49.483426447898125,45.91783527272603,53.63348070717111,170.05636294995645,0
35.13785950912209,48.4247817455343,66.76005083360673,59.681510603454484,0
38.39468504518405,50.922829285071536,56.48149067402971,123.61448832459781,0
24.46350694652818,45.91483017125068,88.22048326751131,106.78740363431005,0
29.191215021345382,58.317907436606916,57.039336532617796,69.26706025213487,0
35.646059258936006,48.0962180771514,58.6356624830474,145.68218369408987,0
9.135223416289154,42.982907786422174,51.30222844656235,121.78450016736149,0
10.812287847009586,36.691046281859784,44.44427589338511,76.46639770769256,0
71.59327868358523,79.15528445576417,76.81314340431823,414.9927747616255,1
39.32434870954667,46.31651349894241,80.88659064937285,114.34217839559282,0
24.075357408471056,52.13246268062929,64.34956750706023,105.52590225470303,0
38.47421677150422,38.88907723177453,38.055092724212436,94.01658738730495,0
41.16833775529954,41.049971030966866,62.04162220882786,94.5681743897194,0
25.956025768160387,32.164059626593954,55.20914743549722,72.5626198420153,0
41.677820616598076,50.52943805526596,42.91366014967626,83.16056527947296,0
37.348777860498174,40.86105393441206,65.07933447690434,76.65757808415707,0
33.476764835383364,46.686137300402855,46.62949669029862,122.0513333110235,0
34.322629506341556,52.40719065676871,79.21330975810078,67.74675124481558,0
38.451579711843216,29.0776527815566,70.90600263665507,199.0125520374441,0
95.33398280586105,82.70904341502099,75.6717354471963,439.7456378924531,1
20.806154084135766,35.11091968769611,46.498142781650905,90.37189712610761,0
19.87895624739832,50.010139688195885,73.5105665364894,51.68900710302414,0
82.80710819695423,76.39636927631793,85.18156101320663,407.4174559038848,1
36.81952971294964,61.71860395009307,74.35573804711666,118.13096168532704,0
25.182340289065248,50.08558135635242,67.90124144570727,108.89551256538788,0
82.59331770435975,77.3953051095395,88.6815674397663,421.640378748491,1
17.903052571588923,45.951015968571596,56.993687356939965,153.74186026488206,0
36.86051459998439,50.58596184728565,47.47541662362711,156.24929437050213,0
39.94447375508907,55.03682987061892,62.85226828715461,137.93357117316754,0
34.040508568145384,47.65583778323577,45.81266611563775,78.60910975768785,0
31.56972960968434,64.54546207536973,43.29360477262442,95.80718536238149,0
13.925167654387725,32.25239751493852,53.25580693223338,77.58587375760628,0
34.663583744463345,54.02204397644412,60.696905258078694,51.366240686985265,0
30.188190497405984,25.049789234779723,39.73314847321644,39.556258061899065,0
35.13267433113356,45.00927982114085,51.838916378565955,115.96019036975409,0
30.980675395389447,47.48736736913096,44.84322033066775,75.5268473304039,0
17.450773319977074,42.468603234392184,26.967164739744845,42.07500898892526,0
35.844129804724844,57.57665641172512,41.403491831470454,84.51663022100244,0
19.977829810732754,39.856323717260665,47.03994011785238,70.43453763077186,0
49.91553302204734,46.086087400057494,29.066054757139483,84.88522184154597,0
41.40149038521267,55.30109557798926,58.49990719826855,138.65114956938686,0
31.906355912650245,34.000060011631895,52.754013425633666,102.83459988220545,0
29.486062764115136,39.95320924071073,53.07953591704786,83.65310617175834,0
31.232048067844858,43.86631628141071,49.24570006441859,112.46537195229699,0
35.08608373233442,48.573747649158655,49.58349722702388,27.09862625253593,0
23.24291920838388,47.58311506477617,41.61848484803815,143.3356857433341,0
28.617356988288154,52.50350905648258,41.15552411643563,158.4272132851655,0
8.476164553908196,43.49420339880657,45.31341187018672,105.86989888820904,0
95.09822312537338,70.02572513015376,84.50211246273301,246.91717279973054,1
42.619215007139914,37.73406051507539,68.19501357193204,95.9093459912963,0
24.979457756473888,41.5142670722751,53.27702093545439,122.55266237546016,0
19.44910631823305,61.41936913327508,73.70060814256938,76.83255435412279,0
49.541574337502865,41.94947189263455,70.79613805023423,105.30738476532308,0
85.50554883080181,72.62264035496162,90.47783602469607,360.6701546572409,1
49.14031353866786,44.007697121807226,71.96834962674384,100.50617856594619,0
22.68368261091472,49.586635399596325,68.92099014878336,150.20904986538326,0
25.223425532348834,49.78256110352166,73.17136882864581,117.63027017755057,0
49.389289990582846,50.16766061571313,51.8727000119925,123.52947178060235,0
25.223544173959947,59.01699227351358,66.11159355822676,145.1201050480603,0
23.960193740307705,44.74393972086208,50.92019533178177,77.61383276699351,0
31.105353174739403,49.292858812628005,53.22185759802125,87.88901819497846,0
25.96924010934969,43.753836969553134,54.923990314416926,85.90084217653408,0
13.848681840944906,56.573167460249714,66.52735879004183,148.46558502596667,0
24.193516974460493,60.3541468520187,34.111592723435976,140.0530453919837,0
36.51391251305798,41.41338031526315,56.78570514015509,139.77657680360954,0
29.255665708999537,44.12579180254953,42.01578657949677,87.38887250191425,0
39.278401280812375,49.78914246026268,43.419453033085844,159.06974683153163,0
29.777210208162867,39.66641133305441,37.58536940488077,133.30663031521442,0
31.52354872033722,51.31210087998192,62.09885222143717,124.92044117190994,0
23.92124739324182,31.578557797927907,57.49504080860749,126.95860606840199,0
87.63013481152846,90.81327932499141,94.71398276312476,381.4411422668333,1
16.27534452115899,44.502157964187646,46.829094050371666,110.0635167199538,0
30.976703767483354,38.15214045513632,73.68623958852109,85.96189031447648,0
35.15939217704099,53.56699142979815,61.458539265907085,179.40906142685427,0
34.12780926936498,41.00551698859921,36.45932311112278,142.69871404282745,0
79.63927540945573,76.89941298176215,84.8720044678109,490.21288841526535,1
16.414259847425257,44.52787409011373,63.38110161261247,39.67696480795959,0
82.03046438990779,71.58822693044394,92.13987922304354,383.47901584359846,1
41.906462747863415,34.74028299860534,45.09800920305354,108.45522618583858,0
20.600968988911355,47.32029627431627,57.57911157732047,137.57279560929823,0
30.10233061019587,37.61424627163685,72.88165026519809,140.19316597932948,0
45.38036566465969,53.986718018974926,55.98213201435446,92.73419444375067,0
28.378760245201416,37.833708366045045,53.31786484209587,26.3373753406176,0
32.387891590265134,47.99839435462508,50.973810015603206,110.47428828982902,0
41.79440120721287,43.94918134122335,42.898803753626254,101.5566331206932,0
52.70692857804396,43.96956304920082,42.93621848803317,97.93208242499074,0
20.66732040926804,44.44064083136215,56.39994101403404,117.63279195622863,0
87.13768524116044,89.63894211202448,88.22373235182901,382.3494873617607,1
41.39555536025469,48.99798869426652,56.44924558661634,86.63787671772619,0
40.213832954293984,42.42550831400261,71.6140595518124,139.58397318361884,0
23.108121819104323,51.13321752185153,68.44822847707114,93.87677982074389,0
75.95128203864927,83.80118317579903,85.14958945814351,421.0310109906153,1
48.8768765734019,43.71139193088857,49.67774080195462,210.1291804321283,0
79.2704438910934,69.74337780351642,83.88108270076974,264.3121729745547,1
86.93531987457199,80.15573086456207,96.85849335472619,335.89616694985756,1
28.96568775709716,43.77746438022861,61.076640966794734,45.9570216619401,0
13.980341881028316,34.27237206219235,53.17577313240763,98.48341287468922,0
43.956838107899564,45.591688886490275,48.87650608524324,69.34080908365725,0
29.44230922342294,40.29941455113618,37.72470243041408,74.39078018127944,0
72.64072504325507,77.80436560105196,82.37010434620029,399.77641577046387,1
29.879110521539456,47.36436269338221,55.00671990807634,133.39957709514343,0
23.50234773151733,42.48729130374411,60.53596855642506,83.32833395446633,0
53.03638752104789,56.47272369319883,71.02568677420786,111.78274050300655,0
13.724575621168373,41.860200144304976,45.43074259515881,122.4836904833047,0
27.08241367741463,56.6479039586567,68.8016416441554,65.32299042622262,0
30.85209449633901,39.24484075317415,60.02693933647344,170.8383021339098,0
31.833420057383517,53.41715873588151,48.5985706506892,119.88871921812775,0
27.288763989574313,59.37673083060618,56.469891104493456,108.94397817783621,0
26.00100937868863,33.43430125852557,49.198262380067476,134.87378279496363,0
36.45215585950057,49.782486828007485,74.21089590266698,183.68394286471636,0
92.26288510163593,86.9984086479629,93.36697755601546,420.7809822298063,1
22.81555778747564,38.922173268811676,48.80822812781105,184.23425377453307,0
32.25307922040941,47.70179064798213,53.86872739322841,100.68735401542112,0
21.01215951676872,48.87033660019637,72.4648160527143,88.29621000369559,0
27.026239207568935,53.61322033431983,60.748031489103866,84.84063703767235,0
20.254706953293585,39.91280666582586,41.42717644078034,66.99148497817134,0
23.744372984904707,41.907057509314235,47.3296775949981,193.71428033149633,0
30.715662372193925,30.30450614906682,53.564093170322195,67.16644164598834,0
37.51387123371789,54.049217026627446,41.8217633946622,38.89676234576964,0
82.44390040064772,75.91585045783138,83.69178837145218,433.66609878074973,1
28.030781920031103,54.90388463977888,48.43793853766261,111.1354278128353,0
44.53260663321034,39.86562553325204,55.13643890558193,61.64343639976048,0
50.76747983560841,45.257479832219644,60.372355196740145,84.15664135682925,0
42.395840064415616,47.273307676734795,48.441420445162294,83.79796188217789,0
94.52988156144593,87.50139047001399,100.0,401.7835397172193,1
89.77435021864652,79.03742078039528,95.50876642540089,401.37591255560096,1
30.81829358547565,56.97720166433552,53.63611789001152,133.5690057867516,0
38.950383140761154,40.38175951122224,46.93699227442011,80.5948023160052,0
32.076876871631114,44.71095119094902,51.2585731209277,53.173498791992444,0
32.715788371953735,48.89215467789604,70.0281563475761,123.81293151570657,0
46.296421311127986,41.973891699333215,51.65698331491942,154.5418378655845,0
23.29379790923355,29.562939390708657,72.45446153065309,50.521869662286186,0
68.38272272559338,76.67173909918222,83.82295851019401,511.5727919456297,1
20.28343265458714,59.40467823968434,40.04125640608688,84.02679908399152,0
49.114190871397234,49.93035346897855,54.05496536506432,125.16541193031134,0
35.859042011646494,40.511845494222044,94.40941841545461,143.15398266035854,0
82.82400022153492,76.06652733159773,95.99089728262571,438.7593093538774,1
19.0783636728191,47.608537305360386,69.07561238997118,115.79280081648707,0
31.40886246911204,38.23308676508138,45.70237386237365,4.675512756563069,0
43.28194141849058,52.72252300437561,51.268342402167136,188.32184190174192,0
42.066081548639154,44.75805032109338,69.82580523403684,78.21708272704835,0
87.09261987252326,83.55258002467069,100.0,484.9169082332947,1
24.817297817263526,48.87372288152099,50.35684664080063,61.769825687094226,0
36.5854427267283,35.648963170819705,43.90089021136871,60.413628499549255,0
40.59936384046622,51.259629421506546,54.11218262156477,29.703065183889798,0
44.65648768921554,54.587907753579294,59.569917020143045,142.2692172310271,0
12.239882459515979,51.73751814367309,47.71643864952837,133.06607189729726,0
21.515713658091855,47.085133337166916,65.40873391597572,118.81570968036627,0
72.24653856219679,83.30771343308358,88.98044125560617,454.013397148583,1
5.757597397270584,45.24421562962586,57.94350091164323,13.563495889331119,0
34.19609972024118,45.012481287732264,51.65612399344829,141.26955922056234,0
13.687241845390545,46.85003147107276,49.1086126032176,97.82636635853402,0
23.47376020697609,44.52490032810363,52.45057956744333,176.03555158414738,0
41.07080669286973,52.28667921658453,43.45430526171538,85.66422067887905,0
34.25444864184172,41.43634336281902,32.45222866295407,123.88224398954162,0
24.53958201183279,55.97963289830788,68.77363350111703,78.83901397444889,0
74.71547525031112,78.69221051098629,93.7024384396389,372.29036979356573,1
39.16327674702482,29.63932271125983,74.35442044848554,167.44027799081778,0
34.79827035366833,49.96719635568496,67.53976594159832,138.04085344712618,0
32.16775563762629,49.89267150202195,61.11864697505434,101.79292527729139,0
35.83928185325964,36.48172302761883,32.40419863993928,154.90998664995493,0
82.67693606679363,71.66923413931765,82.79566403166744,373.76809991150185,1
41.91707497107065,47.513385654362565,61.40776956902397,155.06090638954672,0
85.06619595473856,78.40335934211717,92.16448636675096,364.46946877475847,1
32.29074688205703,52.21174785778697,51.971758216109315,58.76699493122206,0
83.2824436209053,78.08673053335805,98.33064583251968,419.5719834664948,1
37.55391225825756,46.47977597229461,36.56163171541554,11.200436497744946,0
82.85728453945352,72.92728051822387,80.97842789186751,548.7797851598597,1
39.82690983945514,50.10258836199315,67.22244913180474,68.61732029589908,0
56.01683114180395,38.14988127007942,45.77877379715809,43.662740385265565,0
18.977302595441444,38.589714712065074,62.75299889454225,132.66414281430852,0
80.07081496885897,77.61954107919858,94.54149050443644,432.4657714443468,1
59.49094425308725,36.851645573159225,52.03504675830737,54.44868252095148,0
20.480815399777644,45.308437971846196,70.87511392402638,173.14501049767298,0
18.191871846911553,42.62482169003289,45.74476699987023,84.28964190332763,0
28.837709568780422,53.247769932836015,61.35159920732403,153.34554247439308,0
75.82347520224738,93.47870065197793,92.71495685815657,378.3667146198593,1
16.401438590200808,44.09676119409151,73.69486518782028,172.7630876078322,0
32.127397758576606,40.05305262138896,40.67945425067416,110.84845901119894,0
27.426234625766547,40.19765170075374,42.77433762891144,122.03251340734019,0
42.44679580736787,42.49406695910665,41.443990488273556,73.84411623072143,0
41.24353359870503,43.790080276301225,51.86789530993224,22.79652522706271,0
23.080919301187556,29.591295685843573,41.116042532027635,195.72049179067147,0
30.347137487525618,49.28588867073775,58.49540398828308,120.52191469641004,0
82.1201906113528,91.24018580688454,86.9986006376411,380.660394249316,1
41.03301882016522,48.635511219465215,38.83857205461479,84.01214036656037,0
32.06361771325451,50.12505858238315,33.26032183457935,126.41034826826197,0
27.596746018418653,44.88095747861318,53.05525477555811,134.1850924220281,0
15.915387036364404,45.54682414665211,42.70299099908332,68.01028447557873,0
27.57318723187967,44.016125601482976,41.694821255140056,162.05510884037972,0
16.34044288799466,47.560319902650406,25.2699265764518,88.42039678265522,0
25.792382063189468,55.75309740998462,46.887151416476684,93.37684109729622,0
14.321405746345441,51.845105905477965,51.03991757650137,145.39697126396794,0
43.66874267444524,46.63007661198829,67.39827837235778,98.74635389321111,0
27.742236995134643,37.3976179251734,71.11266233621423,157.44357384728065,0
25.34194430881837,38.86312040066495,69.11213182237248,65.77869320377536,0
48.46707325736033,47.9107864061874,66.90311571864345,79.44800989167861,0
22.162343344136033,62.70949424476367,69.84843752276319,2.809788092698202,0
31.86609123156358,43.45623239590424,42.210367463814904,164.07595166359926,0
50.42076040143744,37.74826649975353,54.90749618221307,119.59245019176052,0
33.2910677871013,41.189926975799956,35.90984971769565,94.04468815916468,0
36.86318456956701,44.70969755400596,46.08809001073146,166.18673263466826,0
46.087808557343735,40.064226358838276,58.712685309517845,82.02858608256767,0
16.14012057601002,53.355105748333834,61.07841269663101,76.79345111501921,0
15.862855030950199,34.94622294550317,54.370313727243406,62.12799623274673,0
32.03463635867223,48.32755927484407,63.42436388400792,134.61084629178183,0
35.03252064749505,43.32508796993704,44.769128935042005,139.80070318463558,0
19.43442357239747,41.11303652166269,56.02412746624612,130.62572425930782,0
51.45149127773388,43.92266341117719,76.53429818070654,49.06978192772562,0
23.997831228412053,52.74083146406299,41.14438793525387,60.152430176160124,0
27.79035826170336,35.68506408068352,36.22031327869865,21.796555443274013,0
24.494631505084165,49.92198138065235,65.38809581400844,49.79403731179369,0
17.760597332377436,32.799367286593345,56.442382704952664,62.20988591964442,0
33.437878815498856,45.405048331987295,64.16683490290774,104.42196478208523,0
46.76437312275283,44.432678246947795,54.401077203506055,20.8268122001439,0
32.825799504882994,42.05980590894086,56.75697150211124,97.94420291229906,0
23.180157520022014,46.04539337741916,43.52637156449753,144.726741934959,0
36.71531171729053,43.49362573507874,33.90655091269513,82.40586947598376,0
21.95033519147439,45.48792988600496,47.042893914095345,78.86676443558304,0
32.48220586300336,56.45058464295071,59.399274964165656,143.92943214093705,0
31.6048962397348,46.281090498180376,33.48215797055019,88.29935225802633,0
28.745457399971,52.481546249760044,53.1579916531626,136.30447244187073,0
27.752345981073166,38.16519965935342,50.28158795581372,80.66064366384735,0
36.351718016819696,53.05187177128807,66.71807906875797,94.92048747180078,0
15.924883052821787,46.40591565180997,29.477998146408815,105.17786570189777,0
18.774551937555863,39.13815992279156,63.105890167185635,149.37827915058764,0
33.29508735573009,47.372954596665934,73.59782327594007,84.5505164515453,0
20.601202136726446,41.29373125545094,43.10690637602064,18.226780951957,0
20.298757396203563,52.392708761689924,55.28735658939114,101.25473664398834,0
32.77358461964676,48.05163340800831,41.54024516160166,20.538914320899117,0
21.6307929620372,31.875755551667268,43.24701114141815,99.04624927455534,0
21.72769056447677,50.05332439806699,69.29407653928115,120.21573504881854,0
32.653623493996285,36.54568425219653,54.3990328137224,112.29237414945354,0
87.48670718031032,74.47248524027063,86.00065212128376,418.92674341244606,1
20.061373251651467,49.360608212893155,57.62282666648459,83.12892542449478,0
35.86693801475275,50.21752506854513,42.90272191887486,72.38647506624382,0
24.044650648161408,67.10439898131008,67.63745743028564,98.19257886299351,0
37.660802783846904,33.332656152475614,64.37410403545118,104.44353405219333,0
22.300267689413584,55.97727700669128,57.51623276289386,65.08955716845847,0
35.13085420097293,53.87572340972162,65.99881136533241,89.63663763677476,0
33.57015485965047,43.66389446312774,69.59736864732496,111.19286383777109,0
33.01791899819466,53.16141564178656,71.78180791683185,3.2489813172231585,0
22.308576502127018,32.37374661135252,53.797926774558924,131.62566335550687,0
38.303358165442454,46.34817843111914,67.3258124307178,132.73254945279848,0
38.34751326324882,46.16545188980587,48.7148885076798,78.9533851575925,0
27.28344889673947,56.71007741328971,53.54709481131335,157.58391709720541,0
37.18185725707934,39.38298972094614,52.49298451154954,131.3387242483567,0
31.45836470215384,49.755056739876444,65.27751775778543,104.60102265371229,0
38.18777643754861,48.091637949302424,66.94632030008937,71.29765443199788,0
31.23547695955582,49.81066915276702,51.595765348873925,74.0634076416475,0
43.68631557532348,46.68868173884711,57.17045333778919,155.5186233589347,0
29.468793469824547,43.061774509618374,37.843309083635546,83.82887023151685,0
24.4969484615458,51.83228503549162,48.16778291702635,174.62909423873828,0
33.11109991143195,48.980512312089395,55.17258395493119,58.79511578812898,0
90.80738889318721,83.70037870197511,85.22500486487925,300.0497915044658,1
25.123937759275066,43.63011028197169,62.92411665475218,167.31553555791328,0
35.91442151751855,46.14334276474277,36.46480327713252,120.7774649276695,0
26.50560672783044,46.04146444365114,82.28912282971888,116.99678409574734,0
83.14899234007969,80.81673818319744,88.2513397877324,384.61505407742493,1
27.906861804206386,35.74356795721693,69.83787414621013,161.0923289677839,0
71.06626704107117,80.66888402877585,87.26894991657646,380.62701683401326,1
19.97470635362191,47.06480018996175,49.44572457142744,83.28979500316734,0
33.19781934142537,47.678574860342444,37.016374034209456,105.52770991165282,0
33.31980330569015,50.75645329627027,41.4599011568106,139.8555370257204,0
38.407344821295496,40.94733769855754,50.55075284007388,111.03943397682158,0
23.75654610286776,49.95220397605067,59.560809286885984,59.05062218888727,0
46.56208252057296,41.87969778142206,28.243880311240225,174.97697787732974,0
39.514492770580866,46.124549582471815,85.09967527667877,166.949750159337,0
34.098186569285126,38.7325193843856,55.270004658945275,41.41173273529732,0
36.81359510442948,54.51508319555364,47.45868773013584,19.202953042308994,0
34.57280404615241,54.03322518963445,51.37180520401899,133.03808835703782,0
22.782624466627468,38.357330205619256,65.88200975647511,109.22134668845356,0
15.3247473424756,37.83722743637091,62.91819534525478,91.2125181990464,0
39.37915537510655,32.20115883410626,42.15438108375915,128.63668561942262,0
29.513476484295488,43.14085156716312,50.31526639459429,40.88911568986732,0
22.646965393180476,35.80922029036909,62.65820848873855,41.71309206316174,0
33.883120054234496,47.71730056958313,52.781497873664904,114.19091474512034,0
16.68767046442222,34.54173544697174,57.10808454990135,72.63815878483832,0
28.356647941146086,49.505681271157435,55.24016566001933,142.1324111856748,0
82.34241827086453,75.76617337211468,81.96540289162874,513.0989076685618,1
85.9982286374193,61.56352122029421,94.48475978518874,514.2422039830278,1
28.522196811825285,35.15115776527208,44.86356401556421,171.67129094453438,0
29.85547729121721,42.794426504637535,48.93463348415767,13.718530991066,0
74.30878061313389,87.64850054995784,86.48177360345615,475.521783824744,1
0.7864951650539265,47.1447263745139,69.60068190997536,94.11313408606254,0
4.460788650980452,42.31287681068452,40.968216818962375,120.80705686401086,0
100.0,84.37344492360587,81.5355725672797,430.0050306941204,1
34.982217484967855,43.64687041486421,46.02290820581605,77.25177173611786,0
20.78140186874687,55.77399642067455,32.04578375982605,116.17632616285668,0
75.36730439863042,78.9304992537925,90.1994462485607,497.109549147328,1
25.127714358864477,40.34014574574517,35.57412913616272,59.994443150401736,0
93.37741324002397,81.64543511313805,87.60660695978328,635.1224199844758,1
27.16861103256233,61.83386279577781,39.223013676274924,29.11888686303831,0
17.723921848630077,42.52419968303096,65.29924516218246,79.12537933793014,0
40.016318252085604,52.19235540346884,68.30409303946868,0.0,0
38.406435489887244,37.326457725920044,37.902812155342126,148.60262422366554,0
40.53152853332904,41.999418311584265,49.5826553161008,124.73157213242831,0
42.00261749738829,42.00177219541571,48.44600674938376,101.32063507739439,0
28.79618836046402,36.143191136403495,55.002687375949456,24.206625296711557,0
30.781430629696473,40.53533914998045,49.88890480818921,41.78106097530737,0
32.08863595004755,53.214095936427114,48.44845687462087,13.49283957941882,0
35.040465155178445,46.04213762742384,39.221456027147056,90.77156110060707,0
45.77453279763474,46.31933032712672,51.027707989503035,80.40223916104149,0
23.018003253889503,44.77263274910534,29.40256938738267,122.34232613126288,0
43.64140429973844,48.21295801172003,62.73266144245819,109.84470825506335,0
42.130976999791834,35.76722051188243,66.01321837354165,65.71310504433177,0
44.48499229892926,50.75446254622769,61.12302666886022,122.95071044578339,0
10.403298761202244,43.09218695046734,38.80420395735831,136.842125121917,0
25.5381656678522,48.02142140746318,51.37483550770473,36.47091605168719,0
11.199899660922362,40.37416034932898,40.82567752684602,87.13649262297172,0
29.5228864385802,56.791673842224164,58.87896625040275,75.67043407741843,0
46.14778790709851,50.82049206852164,61.128113654305686,148.03203277713806,0
40.53985771182876,41.03844008375316,41.433754527604464,108.54386298257265,0
45.28468426412532,36.25125762287445,69.24912582018399,151.94165319076336,0
45.89838978180684,42.17089988364488,42.48486085829515,96.48766593460586,0
29.78632705651564,39.3121796091461,56.04828910312317,72.22006359007794,0
31.968612358691235,48.50100123179719,62.105366803419024,110.23777508313385,0
15.816342670669684,39.83834067551429,53.8766917196036,81.35567201823281,0
21.09682151980128,24.39800904169787,36.073244366414535,153.70990413267063,0
22.462638356425103,45.09904485476031,72.91543147304593,93.75224399611217,0
4.089577078550901,37.70409888366926,67.6683309865978,46.36111856074881,0
26.480786821834908,49.80800537708579,67.99914131553165,135.17055620666244,0
27.640300127890285,54.879498032219374,35.67973992509204,127.30610029170353,0
79.4237482450811,72.73397824766973,76.14341379614059,311.2392221970185,1
16.331416367191736,54.46653782148306,43.47576337429464,46.60692729646027,0
26.705522136529087,39.54437272317918,50.50452616808734,71.60323468191743,0
88.47501537622695,85.91909335174823,82.79058964886579,438.2619399760673,1
26.817624722573797,44.77247274859617,60.77936614825713,133.8540570482408,0
30.24219456672758,51.6785957150964,51.18038783074799,98.77627743076978,0
33.885786045309644,45.47860096177361,49.73380011426194,118.20302302881481,0
36.77925871339269,36.37221782145804,37.96738773044751,97.42409837501168,0
28.940516456958644,42.97997417992129,48.54115443910253,101.32892954067837,0
41.43754043206929,29.45705293745412,56.88574940443041,106.95294100979393,0
6.080437956869762,39.46988032229354,53.08957946096032,112.7302098633371,0
23.934966117842603,34.271212203533864,55.21398705435709,61.66202474980768,0
38.071225966373106,40.59930827078398,72.23027756903078,101.1539557917274,0
40.66674689589154,34.52688830784745,85.36443602370028,40.35088674438149,0
21.657181899653754,41.10297471499986,81.29965906065985,166.7753383819059,0
31.77701000933254,46.530615147301084,72.59730869426296,152.60192238096806,0
36.5655360863383,49.58782680895166,51.40147030604065,139.6741480203143,0
36.47688538100692,38.845020523116084,60.959615379758745,75.5694937707305,0
19.289463203509513,26.04719301233176,67.08541388094848,123.40280809833489,0
13.433767923222263,46.13957632669939,62.42088658892961,23.711120012447886,0
36.03187431082343,54.972394124540706,46.63670247834284,82.11102561289906,0
24.690030449981823,47.967226377107906,57.57979380945458,61.58212184064474,0
33.423378344896214,40.72175993586471,57.24409265769664,116.04233230774531,0
22.367138958214184,52.663589515591276,58.371141963373915,127.76130443871757,0
34.08052846836756,37.43714869505049,52.6528811578093,169.33765357537052,0
36.191542610051975,53.068536722831844,49.35693140480371,140.07481654164354,0
23.882309090947146,43.900826200887046,52.76276301014135,61.60109923423836,0
35.00844474944457,49.25488237114506,31.921404565482973,78.38857888417267,0
29.614915304992927,41.212951939519705,39.98372581312856,92.71032703285844,0
84.81857979610128,77.15637137934564,89.3207964119458,313.25515776167657,1
23.977879396382196,48.450187802963086,62.40914357112789,118.92181091352005,0
26.648622188285483,40.43230194748349,73.68593067638392,49.62817792479847,0
24.75432986232949,44.731733150118394,54.939509557317656,111.85181462014671,0
76.77545750028712,82.4755399044064,78.66082415945911,355.14183289351524,1
36.11676288840868,47.07603856971213,30.979117990284863,83.11197260781023,0
26.809460643333818,34.984181588627294,60.99470689899043,149.48603901914865,0
52.31300146192632,53.484904429634405,80.39214468197194,107.68768997834783,0
36.06723059136183,42.10603360554491,61.2642476213292,111.1009873790518,0
33.89614177370904,40.32081562402776,71.43737322354855,114.61727371298836,0
31.838345163225043,45.97756171951128,32.72880055373876,135.17229170835904,0
38.59584872343556,47.91966727096273,59.42700643489896,74.58954461765565,0
47.98725018351311,46.48315425180219,59.47746876509211,88.50564503401462,0
25.54497478599228,65.54960531629445,40.27583107253757,26.87340288291442,0
85.13931399198584,69.56629961343782,72.55333119420733,388.5958220050358,1
39.75312458477979,41.06648920299452,59.28001128699816,49.30652136133715,0
35.69760357198647,40.2407802218467,75.14540568864226,91.32831873248283,0
22.465821296538167,45.662347312685505,80.40163665956624,106.60101049754847,0
39.58385819842042,41.08585315458554,63.99926071533806,96.79451728480763,0
78.56849298618269,70.90344381321194,100.0,383.9244429374868,1
36.81891489626312,56.331513477626075,45.642319891148794,76.45233202122904,0
35.13614464231096,41.87349867229776,59.382172483631756,35.21240537933494,0
46.246784584695604,33.90062005261285,45.999727821211394,74.91853963400621,0
6.370675644581616,51.04469769765065,63.60716252539858,126.69421137818713,0
24.375332241057322,36.08490115982381,48.26693042822804,129.47348496420716,0
18.623143295751834,45.22529560925788,30.681066680806772,169.88236578214057,0
83.04723550273167,75.70529282832449,80.44095599100788,481.1056064776318,1
30.341524174880245,45.869999863955954,55.87863340374958,152.91893233382174,0
19.09033569784802,51.77024685707265,55.78941627369699,85.26669159843294,0
34.300416471910694,50.216056049993725,41.86606766998125,19.391123782704938,0
25.365823071875376,40.32158363607239,56.73104226738448,136.59821332040895,0
31.113726018400524,48.017160706076254,46.3581522757412,148.36345592056017,0
10.245334336461287,36.496357048779494,53.47360739221069,153.39786913534573,0
14.230035178090027,45.797794676894405,60.436475878864705,43.882837103475566,0
21.494795457907003,32.442552207656256,53.12308865448637,64.80642775596053,0
32.221337716337125,53.11887976471841,21.377061166145303,96.6013361244741,0
39.976320769202445,61.14162610177418,61.29076215942436,71.10799248185631,0
9.179012968110122,34.792508203268746,66.35129152767325,65.88928549720278,0
25.024291616147927,53.846991573674714,58.20563555754077,92.42001694431484,0
26.713815242510154,36.43745838956649,48.48373664337052,0.0,0
18.205403354922197,36.825698088700555,65.25243184419305,89.1883072950202,0
85.40341411311555,85.76560098621499,95.21598702568075,350.5226073288738,1
17.888280707192187,39.677454511487085,44.46253955673457,52.176986871062184,0
18.21959132623619,20.0,64.45051989192238,96.19397951772883,0
37.09003757588512,38.5071266843179,58.90311397875498,165.40190682477834,0
28.5297457656915,46.05985177250413,49.79979333898569,32.810186939240175,0
25.517753836998505,34.36075040266711,62.26652779102699,171.10579275277718,0
28.85460154747382,30.647497799010598,25.150518895526446,154.66986946777587,0
31.97292265631207,48.506421303601,28.842536063317056,87.98727429738109,0
84.44427158709941,73.33366505753695,78.21354361770797,469.8511167522567,1
32.57752540142751,54.72065164071738,32.605048781804925,91.67109161548989,0
14.433708264760963,47.80165098868743,77.1764823012502,40.50840827170285,0
9.607678222398995,36.69564501023102,62.841747783420885,28.602458685115817,0
24.106352430557884,51.65914371009639,41.121337395191965,91.04242302746904,0
89.55223629807807,82.85814060942519,78.92697870017254,288.2474579843179,1
37.8182287177731,49.09019916504717,53.23368699078386,114.49803474502444,0
24.672745017830966,43.0691202807248,33.571104616644845,113.14139015655793,0
35.054701591666266,35.62371157529571,51.98999593826523,83.85626652052359,0
39.73101561015072,50.81847772239829,46.02657874760822,79.1171238200656,0
54.39752406339273,49.83051573435629,61.013551312774915,147.8453486836443,0
41.806409124521444,34.58496807556564,57.7247566377298,163.35745763853933,0
38.25098264667635,43.09008817561909,44.626836235917544,114.29880743394897,0
34.09762795959497,52.961667683402396,41.15820962933628,169.9906602352332,0
32.95279940620868,53.10071183411718,47.927961224977835,57.4381629101771,0
24.36275447196025,49.910463473473,64.55608023698599,85.31910325473493,0
28.037193486120632,52.949344098440335,57.41835526939003,124.5818895060347,0
84.21686075862291,90.32439624237145,82.88627087370622,494.1639382105989,1
49.87275999230808,31.6356177871593,60.60509132792289,68.8217519499107,0
17.522168180351507,43.8957711173796,50.595104247781805,152.70163276069601,0
14.688924974442774,50.24497789815616,65.32399071300064,92.25265359822478,0
35.387559924463694,45.05153876996497,65.62692498034053,105.65915811738695,0
46.95051040430753,45.927480004469516,48.73880011241114,89.48732706811761,0
21.232262187881553,48.953523741353536,60.29243001820915,94.30857230219408,0
15.641378488205607,33.58065422708049,48.75243272125241,19.042735560682225,0
33.26133022242118,51.22407677351464,69.91392271992193,147.04902827034118,0
22.446170676466775,43.520310391274215,63.95228743579379,127.80664070473023,0
17.997035929442237,49.461272781161504,51.381684450767835,227.4629964724422,0
26.89733243406544,53.28979651637321,63.750843391729035,80.07232317194244,0
35.765569630557664,35.61949550213246,49.90482200773429,85.84837075430744,0
34.76357769356219,34.62893459914042,48.26738977573278,91.87471814706288,0
34.567532191537836,38.665365169433535,49.05152864110121,129.69154030313214,0
26.171828103870315,55.39834158490785,75.11102545131251,54.30072407526309,0
31.965547765115748,47.79522321203392,32.521118658170174,57.86123863706892,0
86.5701787075269,72.00729420793938,82.23869677056145,534.7202218688868,1
11.989422658472611,52.70931115422685,52.057930937783375,62.68206119307918,0
82.21353283964795,69.06890300068653,85.29450626414025,418.80404961908164,1
36.64927162301741,33.41342701467397,37.988322913271126,120.6800121005574,0
27.097254558113487,39.783825607778546,58.661024856481035,192.7006492478742,0
38.622235118869774,39.63553173514489,66.27043421994456,141.24170955130646,0
11.968603237440549,36.86553925820601,57.19497476344307,70.11130766053026,0
21.416422198187867,43.71097929021759,48.10477770179931,162.13418796223579,0
17.391160456649548,43.25968902363326,60.0678975693985,132.8844338913125,0
37.42682418359722,57.92477144419473,48.11556226848818,73.65471676179878,0
22.031047445295233,52.28043273931803,53.058792626011964,76.13505224066203,0
58.684030556667686,45.625766952521296,53.78310604333763,153.4181224680697,0
46.65474444462576,40.15354458036344,39.52599916331224,148.3329314378893,0
27.823187967727797,40.74154464724464,77.17730924926663,90.4910650661155,0
28.49679539728128,22.309403222696158,59.177143501448136,102.21919675061523,0
25.33504620771802,47.883670993432666,53.59107639586156,97.87065329746271,0
34.21920754235285,39.75579791377731,44.84752392846839,90.96073818623752,0
30.212715767360617,41.04224920800219,55.07357740522272,98.75358540794089,0
60.91581986949187,73.37768116039919,90.74386373893054,311.1101163533855,1
24.377124707590273,49.262337493782425,55.788851920567446,120.68840864635841,0
19.29147581315561,51.75728667012788,53.50838873345802,77.40193893379119,0
28.03533416571903,45.26988618149022,46.88734760141434,139.99964020238446,0
25.454522812565557,36.91183744327638,44.37608281338328,103.41909001393189,0
40.73631749859772,46.562966392787594,51.1045639072247,0.0,0
30.344410117058413,34.10134239305465,56.47622408232107,124.54144516740753,0
16.280988570686436,49.883108792374394,62.68031942061195,108.1727953595328,0
20.818730165834253,42.53538576782283,38.11827346474154,148.70192087802863,0
54.26716486345522,32.44065693415395,56.343783191455096,64.3014012913737,0
33.361449630262285,56.57039135861295,39.06991011355083,128.44184410181214,0
16.718139511015696,42.61580905163097,72.04221926538338,128.22053544240987,0
34.01711722098941,47.689414504041274,67.81597333670766,85.0975087771634,0
22.21162957179565,41.83851237576137,53.79966569270397,59.65876766989415,0
19.291075019388877,44.958317035510895,53.815349266531925,121.03776722499201,0
20.177059657453206,38.52949866458737,35.75524629964126,95.03486500729183,0
32.887236628250236,39.42807762993872,49.705879710474875,69.76098834739953,0
14.070062664683308,52.87452781712268,69.3305737961679,111.84534359542418,0
18.9513720693748,52.39707437896293,58.20370939753072,38.09875670902215,0
77.45118627264536,85.7524946808271,84.89791261747021,489.4185757185665,1
41.8703030556038,40.36920990239295,57.723183325602974,81.07267574771545,0
37.307641190665244,42.24471892576893,43.180646498595614,73.49931414773039,0
17.67476685231491,43.559631044259795,56.36001356686362,103.56913147498996,0
27.772792992233928,46.16539690804003,41.107444912704764,159.23969616469972,0
36.95202900083999,39.8769988410888,68.8902352697195,136.3378066258309,0
39.18316606002313,56.504790563843706,61.311247363055806,166.52169038384469,0
25.21241428478311,43.13855948063114,64.7744255163439,35.313931422398255,0
27.915317894595923,44.16308870361523,41.35968257295022,60.372099618550706,0
54.45751979616826,45.53626349316162,40.30735271970455,88.51671187539964,0
82.79094330815067,70.4067049608883,99.41228923525313,453.7399180345509,1
46.69904504351406,40.40005526405359,49.88080436456755,104.0294323248538,0
24.006249770462272,44.598232444481745,49.28724930666559,102.22520495063154,0
24.134687304360646,45.638177026665076,64.21525196219844,94.45729506410358,0
34.40014450053332,39.597814297822524,71.29143559660167,106.42248473189677,0
16.73527871688917,41.19475172734863,50.40286094608248,85.64694516225802,0
86.11480966319142,83.0037168193605,78.88754667088232,508.0591176282971,1
85.96827102802195,81.5913004635607,79.59692714120155,389.8154700502373,1
27.81954104607626,42.102735404076,46.43645328154639,65.87127527432482,0
36.96167997159289,45.650549568780846,61.57047784202864,127.08599896533173,0
30.18433933065393,43.083895234832674,40.732706583359814,20.000537587588354,0
45.795721457307124,41.99806452075749,57.21955104810504,86.28023097591071,0
35.82097703468616,46.12909679863886,62.18901022353787,139.61198188398097,0
81.88984999656334,70.39512332651067,87.0702618939889,409.7775309966167,1
38.69154592496896,65.60133834688035,42.63896734114684,105.7452333595279,0
22.167467076637628,46.516781832750006,43.1376519056092,92.31994918954321,0
40.68379333694016,53.464614530567566,69.74286498474396,112.7911216450728,0
30.557249122886947,54.01653007396664,31.25177567812345,109.18572222271187,0
39.75119733417751,47.0366315503764,36.721930429913826,117.58678889092094,0
21.01585328651642,43.140768077997265,43.7252179929525,63.176670966540904,0
15.673287102603473,42.90651640338962,69.15309361768513,108.4370464785572,0
92.6373345282351,71.00037081244632,94.81927102238558,467.1342858970911,1
40.36087651046256,30.687596973391123,53.24986680433373,99.29930548417006,0
22.808466807575797,36.62334085400923,51.84909208821254,92.05591378586062,0
14.055723412056329,48.5491419049475,74.97030465740679,64.3721565895089,0
32.11017467202618,41.63546440958231,26.307057216592487,65.62247252818756,0
40.470983026121544,44.57973720818005,40.33162462015313,102.63393990263674,0
22.253850299814182,36.22618797193487,66.70402881866511,135.4210948922382,0
20.20278775283193,35.9132726741899,57.04581616836297,56.13499823410728,0
25.393612290402125,38.85215723023573,50.87492176587868,205.01222321075647,0
22.527883208521764,59.73708200620818,46.23024249269496,117.39571850709355,0
93.25132725147206,70.09078338468075,93.79275362004874,427.8022844053783,1
20.100422074479862,34.90662750721734,47.44960471635611,39.90444073241931,0
34.968735905075974,51.15309908189905,42.14566170557217,69.10987716467217,0
80.98484708001864,85.06372388209637,87.10466651840636,377.2821893861882,1
38.70067730688754,49.46324068561846,46.385761427751575,85.17946573624522,0
27.450442064463022,53.14363238614485,39.29579042813033,73.73692146612314,0
16.504237884484677,42.81014468863935,44.96393756204454,139.37185780788184,0
34.137990974514985,48.3365572856039,55.777496201480574,86.20933680505372,0
37.4990023942371,39.747129105717406,74.67948018194393,72.99843954322128,0
41.539007342557476,52.20426305289577,69.8528572689907,123.65158357173891,0
41.69589992427773,57.837275822170625,51.76607493155216,70.18426671849082,0
30.884068862918472,56.69943302806233,53.14371602638534,134.96960676932966,0
2.9676770700076283,58.24534232583147,46.728051183039135,174.7213169983644,0
89.63438916063708,78.29342628167038,94.99335897517199,534.5803673395283,1
35.95490897639257,48.74821123186744,54.49278401878249,170.31307598007803,0
30.21311648671942,42.49228935464745,59.30617687214703,93.84859339415233,0
34.12931454275625,35.44484743201355,47.66798651092445,59.77776115265009,0
37.589692204932675,42.83245200208357,43.276651127417416,139.05990811091556,0
33.123782104665715,51.96985628059253,53.057622815707234,58.401273935317946,0
30.030460201534144,38.05195395289824,64.03469297792542,154.4414944373123,0
25.34270246429743,44.57247030053337,58.969405678458834,101.52312077585836,0
42.21033695525353,53.76598563369648,58.02404513442314,135.04850317286653,0
25.03067974882022,43.58362765190939,58.53492160648384,14.114716001358723,0
16.672226025203503,35.52993877725173,47.44035961773172,90.84479347368233,0
100.0,84.26822156572382,86.09106377191516,436.8205400885061,1
35.56553124533758,39.59465328536935,55.86698961083443,103.14292883844503,0
34.08607307701767,43.97002346630125,56.21707557087589,143.64111636765907,0
32.51473608940512,48.279781130822485,58.115147760387444,150.45995963209535,0
90.76488438943147,83.11726267769875,94.89319089858522,512.4299289904625,1
34.577728661518854,47.33358895882615,62.88785314143447,8.733517103176904,0
15.51408585366456,44.63920453974644,33.448207184991716,91.29538309129332,0
37.5792184992362,31.37432299548795,58.51610568710386,95.61380603530162,0
25.79354677234641,35.532439173914945,57.570027293581006,102.74722838602153,0
29.64174421293537,45.06200392568227,38.73349766603049,101.66724828867635,0
42.89752754082746,42.89313781324745,49.77147001138315,118.10496119920484,0
21.841897150345616,42.90572759300796,72.75378114233047,74.90155334097193,0
31.74577812831839,46.85931895220774,36.54750629763997,34.54792859602162,0
40.973001875437085,41.9461587747398,54.062691878646525,101.48369367745823,0
39.040175547613146,52.92963288022365,63.03861388258889,133.81121218427393,0
82.37543703708259,88.67712304452213,92.45436757462224,397.1937643364141,1
14.728321434103524,51.34002320348156,62.64542848493473,119.7234560819175,0
33.18521004798875,37.26657728450938,37.54526313706331,129.71981643756607,0
22.106614942803258,57.02854797034713,54.338782603212145,122.65082832234754,0
39.57791614472906,41.535248143765095,48.76390626155638,79.5252639562593,0
83.71468121300222,76.73928179054049,90.75687456475288,449.69495762768594,1
25.2082576215471,53.32017776160906,58.551198884153145,124.5050550934845,0
26.20872259012513,50.50484348397072,56.48235042209311,150.23748160062786,0
87.23138477733954,74.23155379742316,90.27908719772253,453.21717731446944,1
46.83927691457869,40.78638890645376,41.71755650159132,81.40307942541118,0
22.8395656372416,30.009983837762064,37.48255993698402,141.49866678260173,0
36.29529584221811,46.905657077291714,57.054245724947954,43.320394412760365,0
54.12615421612916,42.56289822227881,74.50396370890233,125.44943313721296,0
26.27793223928947,32.73336033401302,57.187362682454435,86.35201069226818,0
5.067291796699225,53.197713801686916,64.88028195372607,35.59320808026263,0
32.322536971610035,38.23690293640708,48.443108566435924,137.54284268239758,0
28.108796092229664,52.74362091201978,52.76112096333562,137.4389263706247,0
20.444595593995743,54.617400696480146,56.2779277634811,114.69277551396786,0
35.04483256383017,53.025410111131265,69.83445973911515,94.83680047812591,0
14.021278655051624,49.64518507992534,29.45621050577776,151.72592300085086,0
21.846243716838785,45.598593307477195,60.461756571394226,102.24735673569282,0
19.044806111544375,37.612730889852784,54.54086461043013,97.37883538044194,0
8.100782950214466,39.5389928302856,61.24953166831303,90.130508777861,0
34.16446038101452,49.67283656258997,63.63193122195326,127.04406454599653,0
30.75433638901593,36.24160604356425,55.45076021657334,111.4907171648317,0
29.509706591619633,55.4682077167007,60.870808162600426,163.07399302356868,0
80.27710646555735,80.24354488819047,88.926886070736,426.53467477544524,1
20.767667538890958,60.93077799353346,59.329069055966016,74.8045504970914,0
38.94647187573872,51.84493295258032,52.957929623190594,126.23676558635346,0
15.424485005350695,39.758401427859624,39.79267973952724,100.39254961585617,0
28.67863411098453,52.84655558684372,58.383211638461944,79.20699111305845,0
40.26986263319732,63.24801414204839,38.26842699754699,135.3169922234701,0
20.596010835156466,31.31784896861707,48.05045395591749,178.78626739804383,0
36.228499323474985,33.82874221998121,34.54269106926347,131.82748080489546,0
31.84836123694874,65.42721488542065,63.80740574037086,132.9867449876572,0
45.32367724678116,46.1435224844106,56.12883809429829,87.86956889333176,0
23.032281815704252,53.4407289450123,70.44336743339703,51.499122116652856,0
18.76505966760402,53.7000379400082,46.830802641051676,116.16196666131877,0
32.610552721798896,52.53793701260376,58.65390642016174,142.74568878360338,0
44.90726136849952,43.666876698495486,51.71646867528078,136.60688602874492,0
93.38279245511801,72.07846451927922,100.0,458.76446957172396,1
24.425769468916787,45.23410427581206,41.058984397883066,125.4781015997948,0
42.179591523055585,50.03418066448806,29.51167508945379,115.1649453227695,0
34.73237624573545,52.150607749473046,46.85998444797408,92.6912615274269,0
34.72630345843405,43.81507893167163,56.14729052935093,100.98589512842172,0
44.81663402462599,44.68775427471899,44.01241244369848,147.5224750500424,0
17.77104980444436,58.22495156852797,50.66695403935756,124.83319781159464,0
32.62561329001925,40.112167058740255,66.93842432545526,54.128676054938026,0
28.13028697014554,31.66538882192553,41.525023870629155,137.54444314501973,0
35.21941565616898,47.87385059729331,58.99312574364412,21.46565426937918,0
23.99361310081195,45.717392495107454,61.19676001343895,76.54859801791392,0
36.188862980231534,42.75451296703601,56.12150190119623,77.57770619622528,0
36.33326826071239,44.71357725363452,57.672592751211575,97.10283721430868,0
16.44552496887711,49.25102310571185,55.67809209315121,75.6038917220319,0
19.189366724001026,35.256291333337884,49.808085839240896,96.0787571488085,0
21.61414201552769,51.11792825704818,65.11328836118832,136.959307164806,0
11.6885512166165,56.200684927743346,73.71018748578821,144.92321597362556,0
43.01741289398798,44.25119971099064,39.67498525202657,146.9079030874027,0
19.72324859074042,48.48451816592444,57.71550720692124,99.74396989587449,0
75.77072518858745,83.29615882954502,75.73460323710133,404.0479045794078,1
24.965243458838007,41.143127375232254,56.52189622161954,117.40193486561778,0
22.71997058770866,36.808035055222575,32.5632200565401,85.662152427733,0
23.67244970114961,45.580382972204276,51.72241427536897,104.16185924156342,0
92.49444541706448,76.89975050048882,82.85401255029946,482.3327171690435,1
40.49009225836889,48.51179531618152,70.87243863986775,90.95298849276956,0
61.52056734512085,45.64839311564246,59.797359011402214,120.84015586419612,0
24.901933068091175,46.416683594190864,45.18397378309905,79.15644151476334,0
32.70057358391422,41.461571711888425,42.00591365357988,76.58219916320127,0
32.27034478864889,41.518779975496315,39.81745556802164,115.71629436057566,0
28.673662536174266,48.73945503662272,60.90404864923552,151.6170129846745,0
45.2100622715938,53.25206155925857,51.858631331887516,136.32361193048555,0
24.69742381627559,53.270974014934026,57.628858750452025,118.91814258853084,0
35.348173363459104,46.28096114751682,53.82887331814703,29.26945961994056,0
23.052868689109417,31.70230803398783,39.64422581980908,116.54505510857341,0
23.77350638265548,42.329574096231354,40.49821354877108,151.75956853166673,0
34.21586610614456,48.22577405782706,60.87054189597161,175.35244124739208,0
44.96044311489183,44.009292538635066,71.26966407317802,138.23752240713242,0
48.967929826539475,36.395714815397085,58.5588721203317,9.898659408654034,0
31.958452550976816,48.05204042655806,64.71110353747959,107.32967641834874,0
34.92986458514459,46.72834244391628,54.45147094425007,93.46371077074751,0
34.58168114788699,35.14894589555318,47.08605475793887,134.38780205191063,0
23.8234810456565,32.19222729354342,72.02877296029025,116.34739049101634,0
23.11114457424594,48.5742048328722,59.29959777919322,171.59163081233604,0
40.651719657143865,28.227423981687085,61.12882659528728,115.10558287146564,0
39.19228934575204,62.44528799020481,55.16104582466157,133.00897676726504,0
21.501556305352082,45.485588618606485,75.95788757913546,78.75763318485296,0
35.366527525272865,43.332364274610676,57.569331787433605,175.51435951834554,0
9.50058721422522,55.51914028413912,53.69381649917007,134.08060139633977,0
32.83751023661501,64.05338503534546,66.59376414891155,103.92321801119176,0
33.50630099273559,40.885005865644,73.49585373761585,78.0641284875527,0
10.488981359613751,46.75439762472311,52.83031065895329,111.07977324476403,0
35.14883596076372,30.197144806483852,44.61749135377304,144.1269575517456,0
42.72353500106768,47.76761576829966,47.660738245544984,120.23457432464625,0
37.38466579995411,35.501451012102976,46.519970751122315,30.79111495418058,0
48.260097135469366,49.885818210910685,68.42005764151753,53.68265201074776,0
44.524675344707454,54.24697052678497,62.760927225023735,122.5361744179221,0
50.89538721694773,53.092046686157886,57.97966570883181,114.34965552433212,0
24.75551863737348,55.46521216815086,46.27055290332259,91.92902494803366,0
25.002698238483696,37.60452050562318,61.0837161499377,151.2507858160537,0
3.8025489591025563,50.9206201079405,60.55961812281077,105.41130034209272,0
22.63229864052378,43.14454502177995,64.39965084506456,13.629242587209287,0
75.55047247523426,84.58879477668243,86.70842293464106,480.1106436014853,1
38.90247500836509,44.808309757173795,64.94918128022003,182.90394163050075,0
39.78422112028035,53.3245852287905,39.047691292791235,62.472805951150306,0
36.15771149771142,52.260269839543355,63.00662727165434,47.48638907629096,0
29.67305251905907,45.52986458003566,54.21507719685527,84.02300876055932,0
31.812511626020505,48.17733660608943,76.0732190763224,94.41943886667717,0
21.328697842890996,51.79122557797501,63.31330923649885,113.36504989352939,0
17.414950893246655,51.75338926011712,48.81436872299369,104.02702012395736,0
35.32006198821943,56.03113066651379,53.316205263434085,119.52053945504039,0
39.92042349536523,43.479888350042,57.40886248910067,100.68275300798905,0
29.168944273713052,42.861887082908225,88.61647587561974,87.23967878108587,0
83.49210512192937,75.27552198362265,92.2433877118019,363.7754841512102,1
34.66545311450127,43.64473342275144,58.71466776120582,111.59244782266477,0
35.365098435704034,42.597558512098736,44.701407618740475,121.56165987011036,0
9.74857413342393,48.66256230015923,55.3962796863164,0.0,0
25.080975524937948,47.7913463509737,52.47358071576409,159.04459498263057,0
13.305947188786282,56.646129825004316,49.61309935224392,148.37476713339052,0
29.497953829582553,53.14842106810156,51.9447041678334,123.43967075915127,0
21.38296929743742,48.72948246525837,70.10663446891385,40.87545142449243,0
18.032113535736883,37.725458852064634,55.928364763409164,112.26479147927688,0
24.835703561124284,52.59655584563142,61.83851651175427,79.43162222547895,0
34.72597482413043,45.35159389415976,49.38713579369701,84.05631844344964,0
77.88598270023266,90.9826349370171,96.8175625501696,443.77963485323744,1
91.9853543390527,66.47631055625624,84.17413913713257,523.9579748002127,1
20.99379265352131,53.880082649532284,44.98204107343992,102.8950206245957,0
27.36551783917751,43.90465836713789,40.28929283872065,135.99317984531828,0
29.60980480622456,47.76470579226315,66.39115809138771,48.32770185331536,0
21.956842403400078,44.599107124245286,41.28468944340141,123.25492237355697,0
34.78979825746392,44.19638425868656,52.38393242654651,136.25372941588608,0
22.442548405071552,40.77298748134132,46.91752422523309,128.7224817534881,0
45.615111967268525,58.5957191632941,42.0017386400074,80.95929009604228,0
84.77500540846532,81.40633636089677,89.36452821416101,430.2800882165617,1
89.69162504266887,75.15077721137759,74.65096458799371,518.8275517802143,1
34.28186247810576,47.212475088109656,45.444517732094916,79.5689123238211,0
35.462842480037,43.30998604692505,48.87179274165219,67.43181290458497,0
30.933723742766514,47.200370781920014,68.33957768969262,106.42771469859618,0
98.67764720485864,82.18722222093398,100.0,500.7906813581044,1
20.544931200572687,35.13756628116633,47.77723406880864,128.8194443301715,0
31.910990680199035,43.198899995675475,61.509087634385224,70.50953294432156,0
87.83525253979471,78.70662879202706,89.45016927611245,371.068095480026,1
26.908835357974986,41.50956272948084,42.52248130566119,130.2656986042775,0
8.01194043379918,53.35317704148988,40.05819308847897,59.201251249292454,0
87.98213779421121,70.64185475554865,82.63268497852184,471.7082305157383,1
35.345056484805504,55.2357822282431,52.68632695231105,115.51430173662384,0
33.67365506816178,51.00697349653811,85.87302867093369,125.09312481095238,0
95.50039355472181,71.31703116414954,88.56557617331872,409.44152320060596,1
25.903134073705026,39.07451537991765,48.72974884708436,68.81822098562493,0
82.26705226583748,73.12044761039512,87.13332122104565,418.57051303401875,1
17.19570647503717,37.79019407656145,53.54774762788523,94.75279382940639,0
67.3641435929574,67.61960871175461,76.49963374844474,462.01805199542207,1
17.306695034533007,51.63700065330435,75.10763552614675,97.4076298575548,0
22.742561868465344,45.86435866415216,53.49104443005073,113.96049074512317,0
42.59233239786799,40.047923186314684,46.650284672486016,136.52283223715438,0
30.979831534708953,44.68413976773164,37.541294016528276,151.83990682559158,0
85.01694736813978,84.88224936699315,85.7336563246583,480.9283161653434,1
18.977078501635766,47.706103609336346,73.5760986498243,167.40257381332736,0
9.221881801438032,51.47697324901782,43.44797758709169,146.44845609646455,0
20.924363379584022,46.10582018576016,53.965394823910565,76.52309578219621,0
33.57112571511746,47.00062300756313,50.54491155195527,103.19983420974329,0
100.0,73.32295565938284,79.30345989652065,378.0078100232045,1
40.85895565831578,39.58580909176599,54.07761511595606,100.5125721826598,0
88.94018756965085,75.10196335403117,76.11070180314707,492.88422875528704,1
29.04704467613048,40.40317458060811,60.45645275700129,0.0,0
28.723453184818098,47.521582259542,83.42001450880525,107.72203211832459,0
26.849132688058912,63.45668399361912,48.487637513168636,131.94019618462676,0
90.99644029956103,65.25538354760488,89.39612529236636,491.2328273696724,1
17.625733617774276,54.196475236002655,71.61845312552853,66.87439449548413,0
23.585130909556902,32.64228689079018,64.4936800522706,63.11902699291272,0
23.89142360194934,55.60789670743746,56.99606639140787,176.71392006426663,0
36.21809962217196,48.84778230403182,59.860424630268554,110.46074386903321,0
36.2834550926428,45.13540849568228,66.93297433849101,122.66431331340355,0
16.541290765267853,34.4543231937262,45.236025098349366,75.72698632854404,0
28.554813292844823,39.30192531495911,61.15052354079282,130.30936456839615,0
29.00824136220617,41.07063402490456,57.25530131719308,98.20321847382267,0
52.9889812361925,43.42602860943604,57.18604753254522,64.48148253593513,0
91.00872434402906,82.25078512428445,84.43887589894926,549.2289648212142,1
51.6325472330546,38.14881414583164,42.098763422598935,10.962583281676892,0
30.858930062933304,37.38112135029008,65.88141120010515,131.74557177320412,0
21.428424435837176,38.108261646626225,71.42913499315422,149.04418341336273,0
39.63376129244322,50.54301517271647,63.00478567274025,101.72097940060507,0
20.405607632765204,45.573921696773034,51.694212217851735,27.96917192309456,0
39.551423205012384,62.84306796102406,75.12640611959316,170.13500794897263,0
17.542826235536154,41.99255515030744,95.53321889547234,102.63724434315601,0
33.379575282321184,56.88336645796539,63.651869841171035,28.025732751341074,0
86.04120849588467,77.45897349895432,83.15544275757254,429.7430238063639,1
38.17766299200287,37.74699499617362,77.3703943106482,88.70751832300282,0
21.03357772684792,56.758231675550704,40.59017200197951,125.66500929764834,0
32.17432873179723,50.099630504601755,66.61518338517988,75.14673105912082,0
62.948297623274314,90.30790510512695,87.7022571306898,469.68861842869705,1
27.75681029121895,50.30023774771416,52.32702144217575,112.12615313505094,0
14.024008304045681,43.12302602530766,47.64938917175126,120.8346277024629,0
35.079913269125434,41.516292335996724,38.41876973718755,161.08529536620523,0
33.06981072686238,38.0914008444891,41.209844773398636,45.9681030955726,0
92.01407991323411,86.37382691814813,86.19213437318201,454.3754772900918,1
18.804538716168313,40.1184504045868,52.15777541053386,61.38415363273198,0
90.49030833385451,78.12349266114514,68.94406981490673,346.15023782718623,1
39.86376505905937,48.12087212660472,58.16582902815209,46.20452876875202,0
33.385528762859146,51.24304115512524,35.37651675914137,63.81635145147704,0
18.18125874579199,47.32903530709631,60.900875689074645,54.96196415458424,0
86.41837770517847,89.23983075474591,90.09123602037768,322.40524090517954,1
37.396531517246714,39.46460356640252,55.886643233494645,130.8740194322718,0
37.91662693962936,41.58066743922748,45.227166148081714,125.0044218499579,0
11.248275303542554,52.58099956961808,51.64779703531694,154.04355785348008,0
29.861622539057628,52.0758781451422,63.82786172369642,131.3492558701151,0
30.01205475362224,44.424224102299824,48.097762604277804,119.70437947252209,0
21.829113689318092,47.14515604074339,54.85719012286926,118.11050351392261,0
32.88693629279857,37.97592767550348,63.07308144639306,176.48712190651815,0
86.54924253305194,83.14810300342911,96.83410453808534,443.36159551430956,1
38.2541634898803,47.867452830787954,67.74600937106392,30.53092728942243,0
19.95859233247932,37.60778440023333,51.4221696856012,143.47453958887343,0
27.514713819255505,42.52715105193289,47.51683743600832,150.4704464158,0
86.48929564465388,78.50882624124803,88.33337137711484,391.8112353711931,1
31.566937282465247,35.08611798461575,68.34456210523848,109.778177984222,0
25.70594458874747,44.274892026159534,51.33400644335617,48.1234954691207,0
38.19925252635234,42.032692493671824,45.78093615529876,98.71924782051717,0
44.66540859278603,50.63902291964322,54.45946625853816,170.46007573968012,0
78.20163997581645,73.69228883166241,100.0,305.04819126512086,1
26.45959289058976,40.20027557686909,57.9741553828219,17.28726494090795,0
17.44864628026605,42.8470000801894,39.43402844361134,146.40992527318477,0
29.99291405423354,46.42351621999138,54.05691044837417,140.7118387614384,0
26.6618051024399,34.91312855832557,62.353903860031856,43.18792879717222,0
26.27166847908233,54.747191590381476,54.25493562142855,123.06244482035979,0
27.524813644484954,32.02887061971702,64.03827939679059,113.3223374026819,0
30.297561394957434,51.47970546651905,51.10987766751231,104.28581318950273,0
40.12637409644072,38.77798211375028,53.11316329565737,109.82073773309442,0
24.03025713278926,63.08501562116597,69.31890730169718,73.72918566593134,0
40.30999522495951,53.87356057831582,53.19438230206021,91.28196375025846,0
16.316849611671895,42.24593472607815,61.94873887233605,73.58210527969668,0
16.57872251514885,33.29767108670283,60.20882184619813,93.97665806500288,0
10.207001896242122,53.633842534468684,52.68213730180505,58.79619694042041,0
28.418461556276796,43.8817605140589,54.29288374572338,81.38709926635691,0
80.03567299643471,84.39296432628198,91.47365742289509,379.57418015723425,1
14.74474829075261,43.076383866731184,53.58422686471147,54.84146939467338,0
34.891871301476634,46.6142759413635,71.00797823052311,110.64861040611628,0
33.38023481101708,43.87908902281444,51.25950889039343,83.64415300042018,0
32.46504778432005,54.4226985615998,39.81236265892227,102.77912464884315,0
41.894704889246405,37.61052357140983,58.74474558072086,94.09847247599393,0
38.77362290575672,34.41229724290787,75.11745954297595,92.8805516819462,0
50.88442772869925,49.91773319753699,58.024407759218526,77.63096808179156,0
17.54261221288012,29.79900016667687,33.240478335794094,59.24630122501392,0
32.04389031602977,50.316500262612855,67.33550802709358,0.0,0
34.41307151699246,31.888959183485657,62.86093621156631,121.36251825267807,0
26.346784486878914,43.006141435804594,50.98475374563645,24.821321442153348,0
39.41310580767483,38.47340129772609,70.31516785448265,177.2263303622504,0
23.730329422122328,39.6371541857253,80.87619558075158,60.67587411423404,0
76.74538759417251,67.07830615712398,91.7857216720607,395.10751422214094,1
11.820207746128453,43.14950916757573,50.68106687719994,72.52479060847489,0
49.35154040060229,41.155887407653566,70.24635068976572,142.21462187002825,0
47.8179890877106,37.43998174132508,48.74494231772645,68.05918431263888,0
10.47912200477498,49.65758254522981,50.1508562580112,131.96985830068982,0
76.9908995369188,89.49693472149825,83.26685087789183,417.58740484769726,1
40.58424486849588,51.46456031233158,33.78331936990723,117.69208624541362,0
94.96931998302355,68.39046125177514,72.5381268594485,511.5125284758549,1
14.821262533191906,46.03108600272359,59.350517093115535,124.24598799033876,0
38.85231482988991,42.443931707612506,64.42151902552065,99.30527969963607,0
25.498107351485885,47.06303477031611,44.371981791923005,109.61950597871044,0
31.390603986534177,52.89451618978152,44.10319635088042,172.62709820321265,0
16.51814577894287,43.196656601423044,66.44512306973624,99.1467047347565,0
33.520553965142966,47.62819100339077,56.721011568177715,90.10428240210257,0
31.979166673420757,36.84735656041324,56.93816199086089,108.5945883785546,0
24.743690660146157,52.1093951879613,62.79525838135463,157.27556255098054,0
42.35782191822154,51.04973869289046,33.5318513139827,123.51340487463159,0
30.268858389945308,29.754225874637186,47.78935388975425,63.295360435746716,0
46.67224111551137,39.34644609577265,47.24165824628182,184.03948759252447,0
43.14914453584047,34.04764510864937,71.36328754239639,111.2941065591861,0
83.30212558707562,87.27684522189172,94.6337886850969,442.0344594235212,1
41.581108735000676,46.47420587508349,61.85134833524647,44.78588258347259,0
38.97066196887132,54.426001638272076,51.224782630695415,135.49235849838985,0
23.942850769966615,59.68755032182723,62.426323961735626,87.9674347850063,0
20.64561297955405,55.71234195048088,57.7417861326183,98.56969422505944,0
40.30283454031842,45.939164911970906,53.31669297339486,123.73346398525453,0
26.86470313827602,39.9797266949427,74.24442226560316,82.13092537108685,0
32.436872114919126,48.47063514719299,52.873982618622854,116.05718637469849,0
44.52616745486179,40.24713757475808,42.784606646378194,91.23765647901566,0
16.795433869157236,44.5982650789892,57.21792440345985,76.74227654628972,0
37.10959968203492,45.59162933070729,49.237426790411206,76.70931749964892,0
35.22250636017779,49.49362990610591,44.67371358422513,144.36831930346924,0
19.46584436826344,27.277614786244307,82.8713107031532,88.79903068312922,0
23.62260015748684,50.73561287697584,58.779662458663985,68.68533958810035,0
23.236076979407304,54.542602825925755,66.19679926865183,117.52021034074907,0
77.73078174467634,78.44154372800467,82.31774370279138,464.76911285696747,1
24.357524013426115,35.20645100270867,44.44339166338532,57.1698249464599,0
35.70507208354516,50.393245169810584,57.64155024985331,177.58765770913536,0
17.067270421288363,47.95201853102168,64.06221968564732,173.90640011769796,0
16.006938251980586,38.358759133123996,38.26565874561428,77.37788950390306,0
24.531410587596078,52.32838256141697,54.51272521985764,161.65828779329013,0
30.59630369920174,48.74055429045468,82.66764204840626,46.8659283394853,0
18.936650259939718,50.90173732626268,49.890184019601385,87.17014514084615,0
51.330333746562665,37.74053748501003,71.50716357165051,73.5591247382915,0
23.50626961678574,40.41826500301183,56.492513467611154,106.77509879770827,0
88.93269206072378,79.09026335481896,72.89710210222121,435.16185503445814,1
21.941299335038114,45.39719178307774,64.65827125816095,86.37583689024933,0
33.207857259326836,40.416611570632355,61.455711637917865,21.31621748375384,0
74.90498045313211,81.44090543581811,83.69737304107981,431.0771295150888,1
35.43298029036388,51.79221341251797,56.32501656335344,129.74042681338386,0
38.00409525227683,31.406989384344158,51.89482705753145,57.645679645680225,0
24.556172754748175,38.69586753224757,65.60328143193003,141.77544207506315,0
95.87791404029615,73.27001928888916,83.88802977337329,196.55751025619193,1
43.51072892413139,58.26604028476279,72.76219692258238,90.12568429956589,0
27.53616597485452,48.69236583119411,44.75720458356872,132.391170902457,0
55.60084538268795,44.35630252177014,61.85469052283487,116.69836125452665,0
47.945578635177874,50.48351097366822,72.8157023425181,79.81138152659395,0
81.0687166664835,73.8696032853036,78.42355996138872,360.7435210482196,1
32.43800713771199,42.569694534214165,66.07653792672114,4.320724417754391,0
14.644278767928942,31.79709907234282,41.78408045476348,97.00726318597658,0
21.76064513028,44.768823153963076,64.084672021833,185.63881185321415,0
29.165620302096393,43.59859121989741,50.84674873863982,107.18093206149847,0
85.50485697193619,79.72586466848122,88.23097984139574,423.3070883611656,1
79.79620800432626,76.33530282496106,96.39954879620011,497.38143879920614,1
33.076766534011135,32.78667728676289,60.33829864717987,156.5897527743925,0
92.27111229095429,78.73611987295848,93.97053218047301,340.8787024088071,1
31.503937864762076,42.860725700923375,54.20665127257592,120.83907493967087,0
32.430047220544,50.470480676224426,60.922447530445204,131.90262490743817,0
12.577783073647248,42.37423703539505,43.38384442492863,182.43306255610636,0
88.18586227753818,81.09137547469952,81.5972749437124,447.09687370024005,1
21.395866347160474,45.022034088344284,71.69749560347131,127.93596485317605,0
39.788580507817954,40.07961993372303,58.95787673042212,110.42824647885101,0
84.0816894269236,76.04625900548038,89.17855087225117,421.64834817378824,1
22.606285925409637,37.132851164120844,35.97704787124171,90.52728627852566,0
19.78767182869287,41.41226122547415,60.02217470988466,117.6912655332124,0
28.406377678540935,49.22875218807331,58.892391690925606,199.35063970350032,0
100.0,66.1247929188747,83.0022866651738,437.558586901953,1
19.706284918179286,50.738178020806664,70.90005585934766,0.0,0
29.389960281446164,43.051389226744746,67.50079423185517,66.83364310058398,0
35.60784526368234,51.562342447548474,67.88095242892534,60.88982395831807,0
39.003985883950634,42.37214787461227,50.583300614275835,110.26309583397232,0
27.86557129069792,52.15989030085535,44.734207648893026,135.98394951917626,0
14.806539245231573,50.4741917130189,65.67828342142593,43.64384382298381,0
30.452227089999827,47.721732371845995,70.54178253034412,136.20476732677557,0
26.485857642862673,28.427656426387053,69.22008380299619,147.50367272072052,0
15.76317363116077,51.60600854029231,46.32663693466608,140.35965907726592,0
40.005823180429786,42.295742671869775,44.79321532595879,91.95648257598528,0
87.06289293835968,77.95994011366555,83.4487611752846,467.3895159586189,1
9.129729813979313,51.3347342904594,39.09811413762686,47.26394470106135,0
5.116726465870105,45.277996752037446,48.39359238159158,54.22980734941519,0
30.405916912038823,46.544084764161525,45.747494114305546,128.29948828821446,0
34.28307097207649,42.08493096726382,57.3677609474832,61.67682481434556,0
32.078025073533134,38.725427165223735,54.13183029819194,183.49088647174509,0
39.778155496862006,40.8527418123364,52.413184678972605,65.45606429072728,0
34.838766511880394,45.083163041624545,47.90541256909152,156.5936054583704,0
28.398672044333598,40.28346926038367,54.025681790374364,108.49198470641906,0
32.12093353074175,59.54140407698967,64.04373137960157,185.20417065283834,0
34.004813865063284,49.856764177013716,54.08921457904408,125.6022432413167,0
31.777501062680315,32.93156732392375,53.969633190426855,131.45192923601113,0
17.609472974733574,54.52117691579609,63.048246048714795,66.462069964097,0
25.86384334370357,42.71346705767972,51.8054445951221,107.89473848938765,0
43.55637858804951,42.68936865808994,52.51220684790106,81.27501864815238,0
24.444532205131335,38.63217148114166,52.15225318965738,53.78015831484944,0
66.92490993676651,83.80540747658398,88.11068578577915,313.5629302048327,1
20.094636748693116,35.284920146809384,38.784515167618785,5.661434311701399,0
39.500158286696454,62.21910389520566,62.771271790804846,129.29392318602098,0
44.72670675750982,47.10984948846782,53.632041365924486,102.75294630818597,0
48.57702343537733,54.421545054868204,56.71701924433593,91.37722154560925,0
42.30874513154735,44.47958269169033,40.38188719831217,52.97062213332154,0
24.771399728467316,47.91085785400242,83.81900393236423,69.0996557443136,0
19.32467085745727,50.72114342616828,47.08811038267399,132.23591108004274,0
29.963974609094315,50.89608128909732,36.42916247036427,112.45559750785709,0
30.300314791640822,39.361313222426354,56.13617667364876,112.41917108023733,0
89.31170458124578,77.9811999189573,89.43518431344357,403.0792289395851,1
25.70755579701338,38.83991612816465,62.497813876646504,103.81213596614471,0
81.75410798694199,85.69351143787776,85.31969686385318,435.81267398693126,1
36.897078052451945,39.04381137672771,57.72791088187828,131.14730982903157,0
28.912398515431423,49.70361225470148,63.05221365901324,24.565415285431627,0
26.079873600808703,43.74339797589264,65.930884420405,91.19161881463691,0
32.32049937357636,43.004340200705904,34.54256913051863,144.963835788065,0
40.31844539468635,47.52275376512656,49.59558170491998,86.35075115906315,0
23.230048615414688,39.881218018309305,57.165952672936974,102.55284900134555,0
30.128286435436852,42.191535554187254,68.08566602868392,60.761163258956984,0
92.8796008240468,80.67345169002107,94.75191401695358,482.9280623322627,1
34.751677464953815,34.98051607061901,47.70628023964411,42.284457037692256,0
27.057574943635423,52.33742777372693,54.228274598569044,77.00827091138731,0
27.714000846599813,56.846426007242435,54.574958311701884,160.4114660509258,0
23.87562625359562,43.447530173987055,58.72647565497045,60.158202393204306,0
17.232514241796903,40.86100647838674,68.63746689189814,43.76561256538138,0
89.60954200262738,80.07608686005563,96.89814634428086,411.59822688752365,1
19.91445315923792,50.123286484640666,49.42717862308107,138.2963938092876,0
26.078918468678424,50.99691736169789,41.52165938949547,157.59816165714523,0
31.034381293081065,46.274687720711036,55.09680111293363,178.325264612071,0
8.694335201927995,40.507909994435096,76.14967797843535,131.5892849852803,0
24.517127035093992,45.234672916720115,59.01249696247958,172.04180786157335,0
32.435302041863444,42.81826879964336,57.77834176261023,97.42311201691246,0
90.82993269172607,69.87128883263749,85.99673605145594,496.51691562019676,1
37.793490039053324,33.75620248118629,38.15660546713828,51.30002695136535,0
32.20541427013867,51.76764972975381,75.14288757218509,80.78319122386023,0
22.690437242845267,46.56748811762625,68.6894296054297,148.18703743027703,0
13.375080119643258,45.977575826957455,54.90791123578596,126.01958559953744,0
27.499534854010474,35.58353230433978,44.36032996954482,17.00161276418788,0
22.152380918722965,41.11423540450155,62.11664860339626,134.44391956026692,0
14.357583882889486,40.313941604565564,67.90025457413091,117.48070488293676,0
35.0066572138121,50.68193900129286,43.48774047222253,144.878019676609,0
27.587639421436702,49.29639599052936,49.184457224799026,92.7335629125678,0
32.25264117247549,42.05050234560691,59.04283916771939,88.13325053302114,0
41.05525932957984,39.77840511467079,42.64466834692719,55.22436481016361,0
32.11283692279473,41.30827656852266,45.359674806811675,109.26679756074907,0
20.435636231819913,44.58241981605466,68.01373029828746,112.34701176222465,0
30.67518481410109,43.043447756924266,50.038615558338456,67.23789427524777,0
31.32969674146876,52.5893877083048,56.23693865837018,136.04447124248685,0
42.27668992473292,38.86910315453423,41.746578065740046,73.2887042284684,0
33.112501545435364,48.025516835314775,59.771650021315345,103.41359103179575,0
57.596600389110776,42.71636406891048,52.178021460986834,107.76084018023197,0
31.22297503032284,43.502873827117526,47.83142726745829,134.83270207453856,0
44.033699701251905,47.17330927926526,15.146625332930334,54.587348750449074,0
84.88201825586526,66.99406954192796,94.27493708616437,551.0851171219371,1
35.93556722280862,43.18742842395127,69.84957510080247,94.33662322822647,0
18.382161560876362,57.214029846364454,58.044202651577166,107.25836027770156,0
24.823074271307853,41.15052617274958,41.45978394987067,91.90227303266657,0
46.61470165728018,53.09783646725892,67.31304929152004,64.44300763760917,0
32.6477531097798,43.13003759840772,71.24141873771342,98.6075074096819,0
21.18125348772282,36.00086299470781,49.20546736850638,96.66671197502612,0
1.6092134051457307,50.18711865935514,71.4673469613589,68.63553863775044,0
47.34936575836809,37.608071316512095,48.23382001768168,62.103084199261644,0
32.33785911790748,55.13457492920506,60.490503208057376,106.59827501636099,0
50.243096232868524,55.28848981151247,47.863924154053976,133.753150979425,0
34.99864123740371,54.19852487067223,46.97970203210934,61.278008178012165,0
27.528226174794032,45.72001004552634,57.16366061605004,87.09911523571773,0
14.018756481162525,43.489490115702466,53.83184837328721,74.61914706264234,0
21.8698562773987,50.5353151856277,49.992815616131274,31.4502570348304,0
40.07133336473159,39.15412847219435,53.01491137381728,80.00150011165458,0
23.904877978407168,48.891590161520895,45.96259203255304,153.40418469074496,0
12.514680267618193,47.158044445471745,34.41887983380953,80.44800806596274,0
24.739651573324196,34.552764109958055,71.15324108634977,68.48966969518243,0
23.094589476837406,38.04484897247986,51.907305260964456,109.43148256792135,0
31.018562952619867,38.3433263183387,63.24192994543406,38.38269131502814,0
18.80330105373856,44.85128654506631,54.64280213996318,84.80368133837692,0
98.97591758540398,80.29606802588384,94.83359718890253,421.82651150855867,1
37.89056687375519,33.621554108601174,62.31941664798373,131.4909477926489,0
27.009926495341322,50.29595272439198,40.30717351543274,90.34740385021085,0
27.125524805996445,39.9914091016034,60.14573416519607,50.29743988801178,0
30.103526198433805,47.76205989838954,51.62555685516679,93.44296092977936,0
19.07878799651433,39.48366663736894,47.96859077543425,92.57052946326006,0
16.206807719854726,36.601923144368506,42.672977349938456,61.9929815172082,0
24.75337592933197,42.13461597346963,71.31262267876893,76.52749137587674,0
85.3560166585539,72.78589050306608,100.0,326.8311372233199,1
27.411455996301683,50.349492423371984,63.705025925893196,0.0,0
21.971755560491577,39.4457818908157,67.87741632159249,151.6686243008496,0
19.861040477074624,52.81676892547266,70.9544109276463,129.48282682470688,0
89.58180255463857,75.53109443497475,91.70510783980032,445.8660151754296,1
40.71543152234886,53.56755440966523,40.500357812088005,154.8316733522311,0
44.974316831796266,49.257870164409326,44.39292460205986,86.07570619194811,0
22.326524371119504,50.478408784215624,50.4696262172821,94.21256957030627,0
18.060749936009447,44.52087455133509,52.8089814590507,124.41759997267397,0
37.54733298067809,47.04980190510678,60.25542715575707,86.8467669365104,0
22.235008595069996,43.79953079728232,57.81064496319472,92.85670921943098,0
27.401998592324876,38.65941950640197,37.38498186833439,109.74480085959297,0
25.172564778179677,43.500947825021676,49.941012262716484,120.54700863173224,0
32.010990467149675,36.323063997438325,52.755309802316056,122.86122787602967,0
28.497570112017407,52.95333962249779,50.13395960135095,64.62479138551183,0
26.729826823902293,46.16646526718287,49.459059503846476,82.29131721871298,0
92.87724638510089,69.79402252167932,83.68951712882306,518.1581262094487,1
41.35620147182944,36.65687707066125,59.96505043536865,106.07390198566283,0
33.51448207541583,38.680337511260404,65.23618225892197,95.66664467021643,0
70.7529468793576,66.42175149817508,89.94577258601781,362.693411886955,1
37.158727446909595,53.884789703290345,64.41141703916502,123.48169696271336,0
26.40231354210914,51.105071739788386,58.14419889230171,103.12310855583958,0
34.369381697463496,45.14292017049043,47.62067076980748,101.55578064944976,0
30.969959649927183,52.05010040417668,28.69625612464142,82.59226671208827,0
41.48445709196755,51.747477961388995,55.11274425491019,112.95020268925974,0
8.674043738451637,36.11712195921851,65.05812663519325,90.69603046258055,0
38.50897962167972,42.33465617296737,53.20436866897849,70.92442467181152,0
27.529742992540033,43.423161502560525,70.69557031059213,85.84194449304927,0
20.775898155014975,48.16929446453686,43.562109942938896,139.38279383828794,0
20.73069528421917,55.37372537905575,53.77476329330273,84.36446931310445,0
92.51223325999317,74.44615615131629,91.82579152130099,391.02858413726614,1
12.309240951108817,48.69487544940911,47.866027330879334,206.82701499452259,0
26.066611876726395,42.8113208798735,60.36044332970973,83.15588911352673,0
20.048515181466204,52.59150371203648,47.19047613917848,143.0237963279332,0
48.005111815108535,39.29921268787574,50.53522809602409,121.7145488143288,0
23.79152401748884,41.29737266092711,63.98723336567112,80.4944370600568,0
29.014118677157384,50.80526640808004,66.17064859350205,91.41989732703122,0
16.43418195376595,29.92388598345977,48.21580056998687,65.35973164069496,0
38.396638644311885,36.8897771543836,42.95841489040851,9.114333777175716,0
21.431481348722006,27.43729975053447,62.79497597975408,0.0,0
25.280681342105666,47.493769520942585,55.567584917544735,140.99095202660044,0
37.43264094022715,44.51256582689924,81.06163200875922,167.30651658592456,0
90.28948379852804,75.6826348187475,78.91644644530301,461.3086590775748,1
43.7570681331162,56.68945946983247,76.61834089398623,147.3897559482672,0
38.95355430762599,48.836468472950195,40.7805767052871,37.06612201577041,0
32.89168643907818,40.801245836761055,61.022802804408066,87.44191252336557,0
11.20075614860955,53.19817342894303,61.46203787966852,105.83034557310629,0
45.781180575621846,35.370561378495466,48.998167825423245,157.40261648008448,0
18.31321962380468,47.408377450944265,48.907398770203436,116.15761664273218,0
27.2727643025233,52.49756350281964,34.12689706921266,85.24467588251905,0
45.23029856408025,47.44016583902686,62.6212001391751,104.2667862146818,0
14.571967817571004,39.956814505274586,52.75510876092736,82.66863305488583,0
37.57507710047305,44.74568574370361,31.888266178658785,161.85594748759317,0
27.658630430508193,50.928174727194396,30.83124070914684,47.15163072575484,0
31.940899928983075,48.782015608249864,47.641457290288045,65.19347368880392,0
7.531106660153948,42.91493236530197,46.70734747127325,91.29379515447535,0
12.602862212219003,39.76332754764847,42.121716711195404,136.32890096366916,0
42.37438134684139,49.11653672617482,38.43217395867833,147.70424819909263,0
35.049872789804574,43.42040533501424,59.839595250001885,102.49726813309772,0
5.005942851264273,37.68129360028163,42.15200312571786,119.09184035237693,0
23.62692252971205,32.976294961456226,35.639581165540726,62.360909548691325,0
28.779428678787227,44.14294807176822,36.59929493297523,55.99933431701349,0
19.960426279185018,56.00678747189229,76.32753721636544,3.4979672832075615,0
34.24393937861013,41.79947022476563,60.0093644129296,125.74936004768439,0
29.227789547769543,50.97344284138103,52.928483763898264,108.27530119027162,0
32.55383755674317,42.604959442109326,56.169867268284364,85.77813315237177,0
20.466713917412875,50.86008140431969,67.54067374277447,73.54048458873922,0
83.14497619951014,72.87332078083443,93.73735979690632,421.91798779675673,1
29.944039811709533,41.506027339707444,67.72960086167137,84.38783403553202,0
45.634133588321085,47.47639441623973,67.73810988611014,94.01276208338732,0
40.8005605913931,53.79338207589578,64.43168918638553,52.02870312143471,0
43.90207549017313,50.99716195029321,46.94430890354697,62.251782742796955,0
26.12300083591439,40.44540365064664,60.434491921538694,116.66094178860686,0
21.43501762590801,39.49074604746691,36.656944212835995,99.33343466808226,0
99.37613213198364,81.51326072902435,100.0,421.6381919120565,1
14.77640813782109,47.080590551095604,31.689153142751124,99.71315156074692,0
26.114815469111143,52.68939413236273,57.59865686053847,125.28606518763091,0
34.347700645568914,42.63485557168335,50.35141905982342,64.83387203625816,0
37.42127491071892,51.10067070261554,62.3392187385962,94.91348814823475,0
38.539759765522234,54.47148412116485,71.43841868034293,51.18343156755661,0
83.21064580641666,74.98230007332015,90.45165056519654,383.59070271102667,1
22.140139673650175,35.55052053497109,46.378192178066605,64.36673279476872,0
23.701154476361896,33.058286335764855,51.14704684648904,132.91436891133407,0
31.84551303197037,34.357992454315735,52.90879558639689,138.64371421425284,0
34.940639189755196,35.05055038277017,45.212898745370204,94.70297660226653,0
42.81643795003769,49.797030592976775,59.19538397234063,69.2341888077353,0
38.53415558780308,38.01251419042016,46.259316241099484,55.11397754054342,0
94.2876215259405,85.1849356399422,92.7352952499567,469.2370499409359,1
30.455718399038137,47.70467857693642,60.87014020765353,113.89559366834222,0
29.27989878419666,50.950555326922874,58.33578928262707,90.38406097246356,0
22.008079933497463,41.16402926881204,55.17203706610912,101.6471806779574,0
38.76455645502936,55.79593639362911,54.30560608942791,113.1983515136174,0
20.266211619729653,47.288961592890686,76.41470666624303,43.66306463175965,0
51.90455625809979,53.010051479919575,62.714265927555374,160.56990399923546,0
39.190764829877686,42.200700069234784,63.07760430679562,73.89608362674046,0
41.24112719986014,47.50362956641762,36.13323347106245,105.0369528194182,0
83.83817083328864,94.22671582324661,87.84677527678927,363.19171645974,1
82.39662982901736,77.8196145088592,79.49839779577681,411.3755440966598,1
26.8392714397295,49.31176904232787,31.60491792728761,0.0,0
29.43411511100104,53.60199585140391,53.55228359044198,72.69839815385818,0
30.273133798514387,40.14336907468724,60.16887920778221,52.21266127933792,0
46.28468554772322,39.330769306374144,63.41166787244759,166.9195881137981,0
77.43625328004273,74.90816926900064,88.15022178710358,368.53054488491495,1
12.141335080658887,44.26949085393339,85.2804799767947,88.688271595627,0
25.535663854494718,43.64406234136526,62.13825248076694,68.46762940900146,0
28.128557349954512,45.01383791329067,64.28257138128421,126.84104045555394,0
36.90143991711113,38.039000347401455,66.2676336244575,72.7459357425916,0
27.88333018068823,48.80122595502757,61.24614995953936,96.08820011663188,0
35.4711911517521,46.981372135810574,41.959470263383274,77.54573049904212,0
32.076033514006255,37.888031981823794,24.060485798313636,161.8443424172564,0
11.951178993354809,41.49136124546851,59.34297124876632,129.68839849706,0
39.31280119116199,47.02109602106886,47.04202491848581,90.64368058220423,0
17.10039100258946,56.367194949678066,64.92206356850937,94.05081648730426,0
37.472936051232615,49.66388770430466,63.798151809070696,130.68250757958808,0
29.66387435296287,58.28521104861094,57.217223802988286,84.2862443693117,0
53.19329539981694,46.25735590842346,47.11797437566683,130.93599264270446,0
21.80742140278502,37.969966055540226,45.76400309186334,89.55986042593281,0
21.88999136371155,51.672233780305476,44.75295642975138,113.32008517796159,0
33.11652856004778,44.935886730257415,70.30296415506366,117.64330647441615,0
32.921927283263734,44.42185197254096,41.75025452003297,97.18105704490178,0
20.1446039927907,63.10182622978727,35.66796678537799,154.7060521574389,0
37.83390509282596,41.38866280807362,57.65010124348424,38.215153255703456,0
34.042947549616976,40.588254934968944,47.52863320048817,131.0434949145026,0
34.18398220888684,51.97941549517549,39.31481986721041,177.76070600001765,0
11.69367103143543,38.90490559849381,37.45467453765502,69.81582470426909,0
28.05091719647319,39.253847543132196,64.53710226966321,128.67518139277806,0
30.47493468251643,48.78412679268568,58.02655604035436,57.623143716717735,0
22.44208499841637,43.268617290823904,65.09249532353942,94.00757125016837,0
23.499760655931016,40.74917010139741,47.607669475384526,151.75734092422854,0
35.70598668593159,54.89931101831763,35.62300165250403,192.48176225438124,0
24.438812532392195,55.176881659853194,52.79213607876443,119.73016704772128,0
34.912076654119964,46.23538928564067,56.60730259542416,101.5185491284254,0
35.26536683672307,42.53282387853581,47.57213436582781,11.308651589857277,0
41.337700968670646,42.012370635453195,79.07690365255525,24.31660297660298,0
9.266097675918505,43.46231383354328,73.91407033289654,107.71195170025075,0
25.833746943845377,40.10279433908345,49.44844868088531,168.87857152528701,0
27.450227825791448,45.219771058729435,72.20360330581454,128.7396118926852,0
9.365968475205456,55.34684858269639,62.318909471855726,118.43155393045605,0
34.2406104446409,49.891709691963335,51.88483933828876,129.2887229236398,0
21.21676922820261,37.79212632256858,59.16068819490341,100.81087568489153,0
31.13517345251248,43.3808933994921,53.71145657907945,184.4137060838551,0
25.645136294301565,42.59131380216367,80.40788973245144,59.56474013641595,0
0.08864029099276749,35.98676301442857,18.59212765425677,157.26543947751878,0
21.83064329012764,46.951598686698226,37.12858882671738,109.22166347402917,0
86.43145383150528,98.56731647009039,88.91335266790503,468.6405817221045,1
24.24362173762226,46.9110750224607,51.19476600911241,73.30463782559488,0
14.291238479315007,39.32629959124861,55.387177729255036,91.48085373799155,0
13.841132125895273,43.34423831642025,58.37900086103001,85.23024433536972,0
31.825010305992134,48.14603461163083,54.46519720689422,128.63458518284588,0
38.91303686869755,47.324570229917676,30.781190662825644,133.06335860548995,0
26.02320306385396,43.454898701291434,59.80441947355073,106.88634678425764,0
25.76401418271823,56.14417429003258,58.16666193220026,149.63862394954128,0
30.58022734808395,52.515353607353,26.33762245026777,124.91445939845983,0
25.67226116411611,28.518619541123783,37.517708461023545,131.25715677862112,0
23.41751587666152,35.03986164531912,47.59923868052318,72.85183471553555,0
19.337650681007748,32.99004176953309,64.27274053503272,97.00874813394768,0
45.62888768508198,46.715799990608325,84.1141360461013,73.1112450979038,0
30.52258490497483,65.05648416160174,53.069140740680815,109.79099364446793,0
26.779384837943244,42.87654952766006,81.89111867446951,75.99183101657488,0
28.099609649985055,42.984657461924556,26.890259948015835,112.52493668771966,0
37.15381315441244,45.1371973160434,42.45166034946505,101.59456829966345,0
24.985978531143633,44.784494483106094,38.07037257890849,92.12755507609492,0
30.324070133401364,46.31221567462237,34.511884556204805,81.63982159108362,0
27.13205764261731,35.204604839058604,81.04542614733467,76.85395783518179,0
23.461016116744236,59.358728602886245,47.804205862588816,38.41497223176158,0
42.18761851697317,45.30128609595271,42.56404963794205,100.64146652053914,0
9.961376355932465,55.331154053527754,57.42489407393576,80.5111623332711,0
49.92515353168118,39.89728524976786,51.30140886207004,127.26642605589758,0
15.210884312258715,41.36933296265153,61.03055495745018,61.7967084745669,0
35.99928729996204,44.63246452022943,41.20310253558529,75.0513586033443,0
28.24145595567929,44.88643817682841,46.68451594562542,84.34929140369837,0
29.807396202656054,42.4196644395001,75.3077562292585,205.9153685422835,0
46.40614563488287,47.144432737524156,38.6335847964479,87.3326604814636,0
10.062643574285445,44.083519364117116,46.94782185205056,96.24617535106533,0
30.795978623760362,40.09097300445915,75.11708101412889,144.6572299512883,0
13.173413058773143,50.710281406564484,31.811534950050298,40.4696714870787,0
48.32557043479202,45.098034771599664,50.59462995913227,150.24885377765435,0
39.69457200526737,33.14020872803446,50.645732471516716,141.6010687945075,0
31.70463770996571,44.59425200232188,59.122654924479235,145.6758614787204,0
39.5042383818605,30.367879708027903,53.92956042769998,71.82558703116473,0
36.33919022318011,24.60020807128141,59.74368703179197,146.6916286953512,0
25.718848390340874,44.86143958835505,38.66998026038705,56.927321054917755,0
39.53125045376087,48.076168833205934,73.96407724987563,88.75223951210283,0
41.95480650825479,49.05236872648394,62.582804069893754,196.92424522454215,0
30.493083315202227,35.73445300410475,47.95906287123986,107.97519682616031,0
37.07751935455475,47.16926345566444,50.48819704777761,89.82502331893753,0
19.849058081721314,49.950619616629936,52.95731449634585,78.31665779808485,0
26.285591340042085,34.112383863111305,48.90767045932347,91.70572925223982,0
34.049817109609556,43.39432367701173,65.76156798439882,67.47503624614453,0
34.66429982433527,48.128872019068965,56.720871532855654,139.91817288570198,0
24.678314368728106,46.63981485119736,56.526087030331425,50.5866408278608,0
36.01206748929115,30.80625909830406,46.2545176434714,61.64286929141534,0
23.499974191765403,58.159121845947055,71.23310836737716,54.343368310911224,0
31.142276486620396,56.71354762306767,77.17440394842524,0.0,0
75.01134648720188,82.9388399535719,89.4373283109727,377.5021330419141,1
26.72105283487082,29.230446236880624,51.61450068234718,93.02548654349863,0
48.13407698515423,29.20946068233677,61.29751090601586,134.4823036218618,0
49.625871905307946,54.39526091871398,45.163419725591325,147.27313175768157,0
97.85923639858743,84.12853534891087,88.72088343384868,419.69111207409384,1
28.61544016016226,53.703840580310136,55.483692391962975,124.83733582455966,0
38.40620026504553,51.07031188979417,69.68552347015799,134.19778604224598,0
31.950249840281266,53.174193478694455,60.071543406310795,79.69874625896927,0
23.248217250256186,47.3107965332966,48.18630589379074,138.38032228093317,0
25.499345285207564,43.16077276619447,41.549236314782085,136.35053912497435,0
22.40867338446302,64.28652420603932,52.945847562443205,128.80896067621632,0
89.9887962164161,74.55684381629872,89.34120124309325,400.9805295725915,1
30.208864882959617,47.78177916421464,65.12548031057891,79.33163562280458,0
40.29960817581161,38.76475795513416,54.42569286816691,119.06454028079257,0
87.28225560933996,78.5781336181279,89.045950872146,348.06949697517484,1
26.636130545888637,56.640520130328866,66.94363480635067,115.76447721483432,0
23.501731145025637,44.34267501900867,67.33063256410189,128.41698136365798,0
13.872841288103482,50.40257324064963,65.5727067046892,88.92163623091338,0
16.368259954071895,40.64410843974203,49.92917897174538,85.94660258177153,0
39.51549770574043,41.97981048808081,64.50094328810466,110.07477793272102,0
31.686546719667277,48.645292842510976,69.37870471841545,120.00953402792959,0
94.35015133608896,67.28908349879667,90.12085675609795,411.4863755861964,1
36.81500697372624,42.64173411250403,54.549237887605706,84.57764080150059,0
34.58386703551484,46.65299686915371,55.092078319858075,44.46830274060591,0
35.42560043585965,51.13318417033863,64.20768835122985,150.27512126699688,0
36.21571889856051,45.22231619607015,75.13815906549844,78.86196008398437,0
29.667700093555393,39.708345053156556,49.475292008120135,54.7397879459135,0
25.157659271337486,60.08450074168199,46.716685201153545,106.04864885350189,0
86.19897758348219,85.37148802316439,90.37733717779926,397.3444730854918,1
41.48637349428715,56.36279683369638,66.39866881899151,79.08875133735316,0
39.32191564260385,47.14294187171929,56.14033462326488,72.95795646845652,0
41.950466289248425,46.38875462024241,45.99247813627893,185.73779274174592,0
82.05709365042813,83.06659591511095,90.29680509921008,307.6480783736701,1
16.489256337919787,38.98270540285082,49.11032240204296,51.030999665776775,0
34.71542380418206,52.84831699798933,41.6537643846573,119.67512602315553,0
29.440795514777868,49.469803220873196,66.58317261256538,152.8961729924692,0
34.79441518086064,39.92988226054633,46.368139758301915,145.29149499355754,0
24.231081304768512,35.199504937718935,55.254671810011104,25.241036966924952,0
27.033925409302018,48.33026394282072,70.55508051697602,84.23638084077692,0
79.68026790944003,77.14060002019232,88.38311026140173,493.29047163961076,1
85.25941283349603,73.34126293093925,99.48541683039838,400.10226158871575,1
30.155790475814676,33.30181159254155,33.614619016182054,90.1672349315577,0
45.039929885826886,56.25304814479657,32.684043513402415,111.63653606369327,0
35.5174079991092,43.264839166449356,62.94768275977562,120.14546544711445,0
27.11341361079862,53.96657703666709,61.88520531882281,71.85374490739669,0
20.755340118704456,56.81283638665756,51.03209605148402,52.840153081724175,0
19.57955587756897,38.48298801857291,60.57184672991998,85.73830285428858,0
37.59155160302647,35.50820758598025,38.1012787803106,134.4364041816585,0
27.24948302848356,66.53802259126353,72.94686083778912,171.32458079970024,0
40.23709546106981,42.91542690643228,70.11140453723402,126.85038664309417,0
39.13771621385585,55.799154570958436,78.51620778347059,107.4770821021799,0
33.700611152689554,35.17508959305436,52.44736099682897,72.61657523434677,0
16.528737104703033,66.6880960384988,58.27021588275512,106.48342770587102,0
30.712537499108926,46.667199142977395,50.25919712647349,75.28814906075888,0
80.44937129954727,87.73508150399002,93.13979557258095,388.3625782682147,1
27.201896576229938,52.28040523555372,31.15227724328286,43.09466123142384,0
46.72572386837703,52.07192210785211,52.32910087330176,118.83475437501524,0
47.120402840178926,43.51537231055702,44.937032086221976,112.03873506569644,0
33.30880232214457,43.767212962280965,33.73723981304268,93.27441415803331,0
77.1406700761525,70.39723219572062,84.99763864229263,365.85948670968077,1
20.153452151527375,44.27331260917923,56.18950950971392,108.62651149944257,0
14.385067775581406,51.960460638707964,45.342978235370346,69.8355008083576,0
39.55300558237753,54.7680385753943,52.688722734870325,16.526058827362498,0
34.91505647246784,47.8407686067167,64.48823452031009,112.61987233293968,0
18.0636316824352,63.4651722658214,50.34902930493316,61.6059879113482,0
83.59696252543216,74.16898481756239,88.43468527572314,388.54835690116346,1
46.426729532559634,43.19368139072187,34.5375087066878,60.877029493457904,0
34.73592430635182,38.85068339060558,43.160091667310674,195.38391201325877,0
45.65524029234341,48.32911905150008,49.44960440423945,111.48881380701118,0
26.37161439560341,38.49845542983279,65.7025316148433,141.11535565733638,0
75.6306586575901,87.13951893288034,80.97778154851352,457.73900945102605,1
12.315606344371483,39.42755103595556,48.60871891991804,90.41902732355726,0
27.050503217079722,41.42307580862991,64.87586310403985,82.22081880489182,0
23.493574308781728,49.51162944151704,66.94201198190328,120.8638064141003,0
32.03235954586031,47.290193870144535,49.93592923949103,72.94541987857578,0
29.734787407509398,45.81781121920529,32.154887132264875,118.58008660856851,0
32.02328796422802,36.34465199385356,59.90182405775764,51.93858421042853,0
40.56056809066052,31.126248599829008,59.897152702839335,57.673960301172535,0
37.42095372009307,44.033423657369624,47.449194839350966,60.66200946088115,0
43.82158991037527,54.25921126819595,52.23056617476733,96.01797267260126,0
22.071271677376558,61.40557836968837,49.29529309342549,87.33586228387705,0
85.79383698704858,75.627506580556,89.25060115164355,359.82206265965493,1
30.394470482407396,47.903491234554686,61.625495016758116,219.1941806694859,0
89.01601511253247,97.92906712270349,82.0329719485105,411.16224382287896,1
18.78756259905608,47.69476491233344,43.08809181458103,41.78844096395138,0
20.34335196476792,36.20404264838195,31.24486868976966,85.31425715811075,0
28.891874397209126,53.86431187569402,68.6042619771821,50.26565049562584,0
50.49812095785926,43.79337529782437,52.59740000210013,101.95393572837939,0
33.991361143520706,35.17032303616888,52.004133541372966,21.963981328424758,0
53.490757867007574,58.04833971288231,45.06036952507732,111.09916965349863,0
25.299578522404985,50.372355411878914,66.29942816261789,67.84318623042316,0
29.35811822891502,46.714699652204025,39.39459725293703,56.75562608703548,0
25.169389483165606,51.88696640524303,52.56018057498992,86.79789059023997,0
45.30195198863351,53.19463140522362,57.94983066179667,79.25499994942469,0
8.727725796485046,44.72051475638646,64.48806782428873,155.67966304725326,0
44.1093237974627,47.757112527153204,46.43149907467054,129.61333690225916,0
40.09817089342634,34.84350476222143,63.36461174607672,174.3140060516266,0
30.644744148101204,41.86427063085017,51.64464736114388,148.94318639037095,0
34.94705653775033,36.82494284895803,65.46508234640541,143.46122231595288,0
32.704568257798385,41.372231527971586,78.08216185124145,75.09077675985009,0
34.037300903366095,55.840475065168256,68.27748582753573,106.6407539149829,0
16.17200269035664,49.22653364194526,42.243564725755384,117.38160389017162,0
97.66974036511633,72.37660617296667,95.02564452349316,374.26431140583264,1
43.92465300064329,54.72834893762449,72.20801204476552,83.20503350862569,0
30.320041490657665,32.76944833124321,57.803140975138916,62.207420390331194,0
28.936629974686852,45.07381998218718,53.93672672381669,112.40703308731352,0
27.695992857942326,51.83501964038648,67.04039071274974,87.72023816466393,0
40.07443973195198,37.31672312406991,51.85665992290775,126.74250465348507,0
29.724850949493636,35.75385151235878,49.59111667236698,121.70016918658061,0
32.78994162223802,42.71791252928205,60.4998152695053,145.60053145603143,0
26.979545005101357,53.70428389842174,59.03587563185537,77.78398402230646,0
27.87791030098848,42.58427132226567,55.22548613569529,85.21133260962829,0
16.659745050817957,43.22233805521935,57.29740859148823,148.05668127148098,0
46.6125921454787,45.00776961281105,47.184550420201816,119.31719780710347,0
20.62074423463601,37.20693616119758,43.97660249772361,137.3131481636879,0
41.038773433162575,56.460481512919976,65.78472128816372,64.02208094961303,0
30.549341109998487,35.892235135260584,61.18863543004163,0.0,0
44.437646040732595,53.13581718253967,59.03899654550842,80.37617032386274,0
36.81362326575305,41.841468211392865,54.71658424697853,122.17017904106083,0
34.082527557144715,47.748438809556774,36.692051088557896,69.87244348846134,0
23.118496548222762,45.52903460869027,59.70257514694701,101.72501723812196,0
17.929783521427844,49.32852396381765,62.940839345163376,108.39704209651991,0
37.32492102779802,42.81125981242707,32.96793659971802,138.93349798453684,0
26.24803619676063,44.24302706726008,29.156942644665378,67.04554757507654,0
41.48765700372103,52.631284297143125,61.36961900407275,118.34401815510523,0
22.658262012215044,44.75432473250784,54.58513329417017,178.44417165165868,0
35.639091200523595,49.84133002584972,54.87753279530881,86.44365817296665,0
43.705361439967135,39.378224162326795,61.55907670826367,39.6965946094425,0
26.60877720729961,34.12875305512126,58.711340621520336,120.79316010684107,0
13.605158374745658,45.12633076727757,40.293583333421175,119.70861677845603,0
84.55131418977061,78.0310696582687,90.74024791783674,559.2060924260352,1
38.467707752164934,49.26916033033293,66.81511473874956,94.07242838385432,0
31.846338585323043,40.816326217216,59.16876983721714,92.98567302420636,0
23.61717273471506,50.06126557705905,33.09261785722424,121.45950908485317,0
17.967991446108556,50.10841055923937,49.769711740223116,148.29702996626594,0
31.503017614618777,40.87383320042897,69.28635572461212,42.21434987726343,0
20.128204728488164,54.590712975272595,32.323558196541455,91.58047877851867,0
26.68691616816677,47.95704481031008,46.325982457861,62.05512395164133,0
33.074035697196884,51.79988650370652,54.020387679865074,166.2529003121423,0
28.393688804745057,47.879503418060075,64.98880646308672,137.23493156262765,0
25.308243478952953,36.151956824368455,36.6430125399509,80.42132018632037,0
75.14505049493536,81.09927324916373,82.66755015013564,423.6355437813343,1
94.30384704313474,82.81024232569054,80.43167985398757,433.68354910120826,1
28.4147042697303,42.76807551153688,61.013080111705264,90.10596291404347,0
72.84105570099592,78.50961256053617,97.01214314948562,255.680280413657,1
24.89983601145253,44.65724478399085,63.42187648652013,118.24813276606973,0
51.840967333804564,48.00132881216535,40.82120105077105,44.61613501090604,0
36.85507738790204,37.174506743742825,62.026258394282415,161.34491382931694,0
19.08299123860686,39.346860619311926,42.78095318298726,95.87487750594498,0
20.2463397272175,57.22101279191195,61.39990036737217,86.045920112352,0
31.455211977682406,44.559742931700995,41.96036573337662,103.19153725729295,0
34.93654847643151,37.6072190156904,38.60546090917329,51.844574625080604,0
40.703651602299296,48.360445325328726,66.317910412002,104.68164142325053,0
88.16569225933563,86.22817808637394,100.0,362.770815571354,1
32.439531979085004,43.75755681358002,50.8340622109786,160.45291196812812,0
17.457105768307507,45.00528855218217,52.31600113835867,134.3340493202156,0
26.943808889316873,35.56603538783418,65.12260349466544,90.7432775518003,0
36.38730222029184,50.27393624451702,34.37283504455384,170.53195201198278,0
22.300039338025428,30.542880574715728,47.728119446981054,65.95540852662454,0
24.296486335863193,41.714574735013024,42.53518679004796,70.3371496442597,0
19.14849473442202,42.42957246051776,43.08557553545562,63.614713090211914,0
16.632745611240694,37.87690655950637,56.75457755653071,125.39851494450201,0
22.221833124091248,45.70553750851364,55.379463686922975,90.29934201895912,0
39.15390275560162,36.1074656757244,39.622108325574104,86.8777419729296,0
36.78931290059278,50.108735535873414,51.265500529915826,159.09490242523444,0
24.602403196906383,46.047185702631516,57.10724259765244,152.8752396863921,0
14.658858292643778,49.61615868779528,69.55815026069908,57.79916978491262,0
22.92374105177974,45.08303875426549,61.927148406411035,100.06623422487804,0
45.13449743242131,50.58495490967497,69.67254151398318,91.49241062779525,0
44.53384477117701,37.48670377443973,46.841129239038025,164.69434789780217,0
26.219921009817828,41.6118801346454,50.95568350382348,38.71112851038754,0
33.55668948563229,43.70997698717102,53.15429466542757,67.87830395743019,0
31.093947946048928,30.266753459966896,75.80850345307142,103.36040763697405,0
28.076390352188774,43.754574869369215,53.16574009822929,127.29956837042546,0
31.156746342928585,38.878950461620576,58.22863231618849,51.105487719829846,0
36.9272275511686,49.34942717978372,60.427292531782946,60.11425812857254,0
40.80048065714649,45.816049584087246,61.08298864163573,118.09159970283672,0
83.87087744444932,72.97915265908956,86.9566813854631,340.0909481131436,1
33.59475797547125,48.89812305657702,32.1684851628227,78.92179425740032,0
9.158870605014116,39.227715931644845,47.44486921763443,101.23394668214029,0
87.32464278299629,71.21823120175503,90.9505952979893,364.4068720365766,1
15.561451838664581,38.79771827115136,49.21939538877369,126.96576020479957,0
40.536417966078396,41.29559293131941,52.28167033140594,173.18250385284955,0
16.223824992457626,32.130369637095505,51.72217304176118,159.29776115018547,0
42.906444609225474,46.65230144677059,56.38287840366422,112.10454103785017,0
48.07196643637885,48.1090161976108,48.486412339396416,74.89349215893215,0
43.565833858279824,39.13276462367928,40.44711262150234,151.18456476710992,0
24.97025229448657,62.088552057303396,70.56757040710654,118.61536307276702,0
31.571279189909404,39.85730234426198,57.94332318661129,156.0883835801308,0
17.053185242790946,47.05476270978048,58.85901448447307,122.21518624599075,0
21.550585614065035,39.04317443522905,65.40588266920224,81.09996427660383,0
28.168495289467053,35.6191257304165,45.65695543825946,142.72644139503936,0
45.54160420714774,41.304041847640704,62.51118515167483,70.90137175065311,0
21.36506395035066,46.63705570706473,74.13714386852637,110.79135717599745,0
14.374541431134574,47.365688879015174,38.5664347041273,6.561855247942567,0
29.37808983000689,44.9139108548436,73.02254960555582,123.47406155139471,0
8.229349535571453,49.39376292512132,52.25458787296742,55.55338804400058,0
83.56537577701575,85.7253883731135,97.03125276701778,401.7092266004874,1
32.01159655872839,34.16538910583678,66.54652694297317,55.383199858791755,0
24.445228808397452,41.22998428692363,63.12392916850065,66.21050364835295,0
36.87065795858916,52.84676916530064,57.49423885765175,147.6291459591938,0
36.48709887589643,43.81614120050028,45.43615997423347,74.87608659680866,0
79.17640106020549,66.76056617856048,91.28121254170875,539.5572383901971,1
28.529426184978615,51.70487741775787,48.6230631863389,136.15565602544007,0
28.409547895999488,38.02147861518511,62.30189978413694,96.23024625900993,0
42.189707897936636,48.22754622607505,50.801375810523965,79.32929729814842,0
16.33121301584579,44.87473516094155,34.21006486039207,122.64229835328268,0
31.97910783462648,49.51216802690624,57.46583713072024,84.27054363348618,0
34.82066727335386,40.86023689113367,50.80690059237151,54.04639521536546,0
21.536433450091266,42.02618056732053,67.3326249853544,73.42928540165671,0
10.803268438023437,44.322679277691776,78.38755733737143,79.46747643977356,0
38.58014195302145,43.08895276384191,55.00382333758082,113.87130218376784,0
32.98158465990526,42.30857615270937,68.3259983877686,176.8494966835845,0
87.93637434343974,75.25604462648599,92.76396240577579,411.3142219002262,1
39.653974845911705,45.26302401535106,70.5843194919211,92.40074306011688,0
94.84387485086681,72.87856714368931,78.36552853968392,474.65523720387023,1
81.47180943581112,75.42585091706823,95.25024896140816,524.7596887983558,1
25.963515367580033,45.485360132007436,57.1529700525861,95.12617554755859,0
36.92918623031611,33.60881790436879,43.2353409821983,99.5597471348637,0
41.92507512477975,38.531560348612544,51.07511882963456,161.3191299012434,0
18.937064875883657,58.60470216785538,57.909402167629835,72.55753893825285,0
84.2510294474351,76.56650319675985,74.067442797991,431.4484807997982,1
26.04319288243736,35.564029509429815,55.33984316413317,99.85005864792593,0
30.50887701856018,26.278030102921015,42.426700646330815,72.34660555348894,0
40.487071264165635,28.34702771472743,61.892636213606515,62.01599023739983,0
83.51355511920177,70.06982030652009,77.29326539742448,328.0143718135489,1
25.848997110366305,39.0417366228676,55.43924387875695,83.66001927375176,0
30.785770297191497,38.30759013821624,56.27287091664206,159.1273574255601,0
4.70439922305697,47.16808745395202,57.23311625051122,121.95514062081334,0
33.22974503617669,45.59916292761168,63.183919591049744,142.04486991031993,0
25.683796872819517,54.356601504312884,59.719541657997766,80.9520335840405,0
29.42482246994537,37.12361520583594,49.73770593274022,107.236427009001,0
22.878261358239563,38.13448394110509,37.58904485687185,114.08099315157122,0
21.695555934434346,48.644826474958684,47.832652769845026,57.18978239942335,0
33.38496407494414,36.614234995479165,54.97314260230983,192.30752910941806,0
41.966314866456514,40.551212308291106,50.59572862334029,116.72365710026406,0
35.72006278300473,44.47030249140055,57.36847126527593,51.62702128886346,0
42.300005727191504,49.196154804251925,74.23413096613564,45.93810182943065,0
94.10959157355718,71.90370825672446,82.20448191917379,495.9934607606617,1
18.569806879262714,40.67144485969109,58.80835159906434,16.701120931893136,0
25.79015519179737,48.52163258036623,58.70856202028842,95.95209490729873,0
24.608772968510213,34.702115162385375,66.83138059977665,39.28203540213187,0
27.610519531335903,50.789807999960374,67.93750474953727,131.986580613903,0
26.507422956815713,48.15429134601972,52.08900356452247,156.9713365709543,0
42.96994546561109,46.26049726387187,51.785215190098015,136.88693826028344,0
50.75260872625265,39.650692493535075,59.622551827112254,146.51958382709353,0
34.966992232365214,35.49277554965685,59.04054754504733,54.13799345170169,0
20.086076505436928,38.190648382679996,65.41366551450935,147.8376762974123,0
52.18780233448134,38.468257459690236,52.48432007897005,71.88668748258236,0
29.652882302947567,42.07798732607397,76.15575583044878,193.3214224844587,0
11.591257686683548,40.98129527301481,58.9437283096577,124.48627227822206,0
71.23162299496269,94.22147635930403,88.50356077233594,449.76644258396607,1
30.728740980155145,46.07822289178511,71.51478364762687,89.44687078397469,0
16.55549488965723,57.653259554384846,79.05307964410206,144.7052976641583,0
37.51933032686774,38.71518953502059,64.91108299636784,65.73992171522309,0
88.39638879775735,82.85867722768229,85.77492529368146,384.75497239954456,1
93.38161255102088,81.57475218216227,88.89870358985901,305.54171257083544,1
13.451433281342302,61.76053330407716,37.96147402874885,165.3945140464139,0
97.8806089855172,73.47905708194187,90.18234709028783,557.4406187785477,1
24.033709413882697,44.54963646834583,44.14719397202957,84.03888273800318,0
33.81309612264785,40.213057696502965,44.62124665085893,72.38651750206618,0
9.582651315757094,46.13188968693327,59.023807076767696,107.482757519064,0
24.823887009638284,34.70657314138125,42.683756531321244,82.65952715185867,0
27.65846625276664,44.12377900131785,59.80203526240597,129.88235311296492,0
22.905589975724535,48.32734447799244,56.82723250969,8.668781698910788,0
28.606027993367658,44.48824888593743,49.03748647190166,86.17385373577324,0
18.244053943751485,55.7524282719667,62.061234162883686,178.21304864599162,0
23.10272225935826,69.70338631299339,66.11085012073262,44.076079412724994,0
26.34494063014734,45.80459240231392,56.928225977507836,124.93668634404634,0
29.094667176958392,37.78282307396885,66.59367593033258,50.47355422658165,0
45.945050632249725,41.556301665913615,52.62311643820768,142.28173676661464,0
30.46002747253274,45.99431135181381,39.077469287595726,137.24047419476418,0
38.294055811834895,34.69574048881246,45.28783978246144,93.48351226495059,0
24.470791626326978,44.204854868086244,49.32769266731714,121.80563518042163,0
25.421516138175107,38.64048241941466,63.43861905828093,82.4312894071275,0
33.88375729230168,45.568940173137484,64.84728971090405,75.30803720967819,0
41.89016531107552,34.61910897612307,73.22106436782616,62.43787425192117,0
23.73282775410035,41.393803706355875,46.10604797638205,84.34787584238161,0
25.088462528578955,54.62227887303588,47.906238040892674,102.66355307611687,0
43.84272818510518,52.613972983105064,49.16042574172877,75.46984741399714,0
23.18948342525119,37.12089020177622,58.405456334056964,158.35541554529877,0
40.90980425185967,44.10815189327028,60.04371780982245,105.70485570675531,0
79.26001118332462,68.71495620884403,86.17516252438787,373.87476244342645,1
25.370604879747418,42.201212859994314,49.522052685950854,75.8751964709552,0
18.834755600513407,56.554010742629934,53.70419576784868,28.17547117430733,0
26.273244160480253,46.62211659421275,59.23647098098001,112.07722540012085,0
30.02287936143504,34.90099649798101,47.498710951676166,75.67385793518362,0
42.05994516546816,38.591660796367954,62.755841957629904,97.89783352319226,0
22.36740843457483,48.13175755948283,37.65378222705612,71.85454223563082,0
44.87246155335927,56.8548299338957,62.44601078918995,101.94672172651009,0
11.181509545023609,38.42530921522595,47.79392037503244,47.483480929670435,0
26.154444557701748,53.60993257907078,52.453068281920835,144.67917710560513,0
29.19400250703239,46.96861344553023,45.34766197884859,80.63921507214886,0
31.91897735873036,55.64064218693771,68.07255803385529,73.22535043524987,0
22.475647626469648,35.20540218542758,38.498207295516366,91.2011965330788,0
35.5979044793104,52.283016248513874,68.79384836812442,117.07934735448399,0
34.486357645145276,45.163696502609554,57.67624363554596,99.1046137401276,0
27.491669835449528,43.385368333522045,46.735666798657185,160.46693656741724,0
39.18454443942414,41.78098516379402,46.30763641835847,112.52952996002847,0
32.93072473298681,44.44428102916008,51.61311289692125,130.27810944511282,0
25.288753481821214,53.25991970782851,65.43487022384106,65.17428836133334,0
25.35382702701607,42.82726306035704,52.09149450273866,94.00134835316555,0
25.757636666019565,41.395429054967096,62.536944362802984,128.2758516367405,0
89.08585652908715,85.89096786402449,91.16643952584167,445.95630834438265,1
27.843904214319775,44.39563499227291,51.00352269113297,58.31300771606222,0
21.201856464979457,45.695196704659445,36.15429945558435,127.5338814815208,0
26.29988970117872,49.75109648495593,42.076545509464644,147.24886536882403,0
26.484865159586914,55.169288815883284,59.43116533179886,103.756259266418,0
8.48184598670695,45.08556483890619,59.48384086745378,72.47671493678727,0
24.17241342388418,50.663789535119655,72.66050678034269,173.3772533256035,0
24.33702270397228,50.34702246143396,51.3984545580616,151.154950588015,0
49.725421767898084,45.517044040876165,63.492138928326916,84.38929876273528,0
24.107283482106936,33.68907470323217,64.43191375243758,64.81574763344041,0
91.5772514612573,81.55787125024344,93.14394523786667,352.6762518134205,1
31.057537912714803,58.8064113535754,47.0196173163529,58.38130768441736,0
37.85800158650832,40.895093957778585,49.5078760841388,107.6797515448907,0
40.51947617722919,53.33763478202334,59.4504135096523,96.53815357277588,0
25.53485047932979,40.70488676246044,74.2128916739727,114.91176634116823,0
37.01172742310899,51.667233793753184,32.06608809687415,147.84600886104505,0
28.15097863557011,45.47650588474035,74.98170859052537,57.2790249643529,0
91.83453871339026,81.76155797454378,85.40742252958574,463.0467683738567,1
22.26210800896427,52.339378557354145,40.62450445191206,67.87661677123762,0
24.01562419418953,46.45242158496527,59.81365913517075,20.95135742438753,0
24.398189598030303,34.88356314911442,67.26355786072004,109.46168774459453,0
23.926455667877885,49.192974391789846,61.69878528253964,75.26412588157389,0
84.72662494772538,88.58564437465918,92.33266345599529,365.29870820630646,1
37.716987106483444,44.74387017959948,62.26485405715296,72.06104967147415,0
25.918991608397793,48.762350932245,62.789772652845045,117.3650792616389,0
88.11878119501935,84.77266096436423,81.35790279423959,496.6813355566431,1
33.46503881730716,45.87326469764754,51.26239366120958,66.552515418467,0
39.21801501977252,30.773523649911308,60.51564781689779,106.27594964794054,0
34.72406277880378,33.08833899198809,52.45732562562109,118.6582389187765,0
19.852432693071332,54.51432645914817,56.492617202892575,148.51935714197484,0
19.87168879665576,46.83446766360708,51.77957441035143,117.75571356171547,0
25.16438516153463,51.89779798015035,63.57459713756207,137.15404984200896,0
80.3240062750244,74.77869065771485,81.46715050288333,321.6605519131169,1
15.144396269630281,48.53001497368991,59.882171621677394,97.45000313283289,0
30.18401630783438,42.429340994405,28.307390696693574,144.22372581157936,0
93.75658632976454,87.34137645520453,82.62419077317203,399.6916614330449,1
34.47708560017315,43.07608289531145,48.38660511951245,76.62360901247045,0
40.889505969673664,53.83063476774861,63.33602948942301,136.357499875544,0
24.06188591931295,45.37836163992201,63.402518170225186,113.40504532294656,0
38.59587886979802,39.29592295763459,46.246755413828204,109.72412233313658,0
38.711247034316926,44.13659155167723,54.64992760928127,85.60377851267008,0
35.73744421004413,49.924445037575175,82.6200982246093,179.3309062368304,0
16.540203197532513,38.901648789946584,46.78909383381708,35.141895017911146,0
38.83659937486672,43.44678210095412,52.13673361942447,113.5913208855692,0
28.884911728570565,38.759195571018466,58.00617044506716,154.35799805068464,0
79.22847400135835,73.57146223991987,94.13203013604463,509.26838784964883,1
29.17848821607431,41.22286145484008,49.50778525985107,123.07681642737171,0
80.02348132044037,87.88082693844704,64.70760064543481,365.65889390681986,1
24.690291021880356,48.613008277104655,71.74122287802757,144.03199221690866,0
80.09299497221451,83.23030613087565,86.29369269291243,447.29599589811835,1
78.02791524533474,80.79709187245432,73.6012837168925,331.14189608075395,1
86.55819204502454,80.7175049411375,94.94540383644716,468.8407068150142,1
21.646529467402427,47.73256336076763,46.422312892102354,138.82534690445772,0
45.43243528272189,46.16659072151891,60.9773439477345,114.71278273775461,0
24.517997018332274,47.59238187130192,30.58772958538765,72.01722885686313,0
23.31909546356951,44.821541099903605,71.86777117009557,146.91577114525913,0
79.59425598067574,71.8218189969954,89.02390690941812,275.5845374059935,1
20.253183297726785,37.50865905973968,60.52498779811389,93.01155848280102,0
32.97244273380124,54.81050242586511,56.855782518839504,107.70719719397889,0
33.42725346377704,33.575895804815076,64.28269247448176,177.6062652734025,0
25.875861817835197,42.129794119227626,71.88169034479559,150.87673213689465,0
17.19544428997533,57.96428031369569,70.66699258972628,39.062317674575205,0
42.28980502489062,39.160100598524245,34.7994144034861,123.37955154589847,0
17.715561687342372,55.69832094440372,54.414684825992595,96.8373992205051,0
78.21546458491666,85.54151866903591,84.0134162164607,405.80072660610466,1
23.914102767602998,49.64552442922989,64.81590519108804,97.17921789090323,0
48.04348109786743,35.97363588953219,40.86184375198868,105.07082404568453,0
30.051134566424608,29.812258075920084,42.30982395647882,56.73395614943757,0
30.03375506597161,57.64262382485873,62.53723563800446,139.4704646993129,0
26.692107756724425,54.550283709196066,51.3887764843584,110.84137011444979,0
40.32465260551147,49.36384996795941,50.977996321283385,103.24498333674012,0
13.88432640897172,56.4900003940562,54.37944651327675,120.0464828027381,0
35.711794062192084,47.417899271506975,40.22825803833689,119.16476511131089,0
23.48643106208171,41.18369628691575,48.761990251297284,173.81598725001516,0
41.87386051564751,35.58489861248532,50.915914205405166,151.34957734805633,0
88.02094725136074,77.31088280076276,91.57157426643822,380.85555063512817,1
79.85476802239111,75.11980443163462,86.78867145610859,527.903722739159,1
25.287362592974805,44.17979596517937,75.97762687029142,111.34713798795411,0
19.996686753944253,36.996627062412976,37.151506643152274,128.8768500963349,0
37.123221595801624,49.25563296904028,37.58675216239914,116.05867433926183,0
72.6574228077023,84.31628032791271,85.74649343368696,539.877997668443,1
46.42015160136369,44.55498522569715,58.049532244857225,75.3874447170517,0
33.63631882624968,57.71728940702573,46.060254790179336,165.5312473254569,0
20.96298139269872,53.549064619796034,38.94790976694779,135.5576002237215,0
20.54253939303219,37.39976602452916,58.15170385446029,133.1709474626587,0
25.23779126455341,36.72612602752247,58.840698297918934,136.8158464501794,0
19.013795748221877,53.866628772388886,66.78413183345909,168.89069563948104,0
34.50603412862539,39.397652156842874,46.724133941188676,209.13998981186427,0
96.38076158231982,81.08173621147279,82.58110217022585,313.4733810482141,1
12.136245346453133,44.902187400667486,48.36699055520414,143.43673646026878,0
31.55190683858979,47.35177721408404,47.429637871799095,70.97530173746851,0
29.64992389993764,51.62150709689265,37.72353644058357,104.28745859129664,0
77.45224140473475,67.1833961950093,82.8597426495501,318.8047804514279,1
43.454200461549775,33.804236664639824,56.378141083333034,130.26908011413713,0
0.0,41.04096542488207,59.80769966007804,127.88730483171412,0
31.310651862158487,53.16569835354702,55.963834871502534,167.52628211611162,0
32.792678382165256,29.86577390050793,48.959719143406325,147.89978066257453,0
22.915932330895373,61.0433788677308,44.731089040581914,102.57179514350327,0
96.90150757122811,69.80639548909764,84.11090826520935,595.2617520269076,1
85.38947107921236,88.72969192626394,96.80342753805492,492.21871736779946,1
22.415046652999305,42.051608283709605,42.50256457870218,143.31365735665565,0
32.2323891412916,34.505731586296115,44.160482670650694,115.6347963120784,0
42.63706677654669,48.24975866686103,37.82663028674494,41.70905367202188,0
46.871416350725646,46.59247113012437,55.24145355497032,73.23612959449147,0
30.928449011411146,51.50252409472551,52.50153690412041,66.13122688293976,0
37.9994190194205,39.38460414375375,35.52430045595723,144.16700626174702,0
33.5845361820962,39.70797186380376,55.52877561895525,131.87743702634384,0
37.21479323757343,47.757826581050814,57.55271345430142,93.54288407868732,0
17.63049289121918,44.296669955998055,52.611249354881565,99.40298510228159,0
37.25095786847997,44.8292100293469,67.68912744536964,147.8969279921963,0
21.15197285973099,33.63632229041129,48.8424730436286,23.534311563238283,0
23.644421585955968,42.35564578734266,86.22975849849176,130.57170325681733,0
28.556395880760572,42.03276970374353,52.582961199076315,101.86726936647845,0
32.131966282376894,26.011712053326935,59.03290495006416,87.8430940953851,0
35.472647973779665,54.375286126359995,42.12290405964862,121.71098695650248,0
44.89113108328289,42.76121605477871,57.08708214370183,50.84882596379945,0
41.59381043300522,33.189046442511824,48.90081824700015,106.15390640866565,0
15.599491174057057,48.28284654703928,47.63154206140707,26.97951564061161,0
38.81407528923571,47.34028938187453,58.52819679167957,125.00913883492409,0
12.212797510957214,39.860366746202736,50.32715726169548,163.42716692403036,0
49.20367502144261,44.48999617811261,46.80477872421777,155.96389917053656,0
17.70450405547583,54.227379470638176,36.156090228963805,81.2830511066701,0
31.53725105945528,54.038916873111155,74.06136611488134,71.02459339511321,0
25.444604739761292,50.07143742267209,84.3492348293642,53.64827734301581,0
26.12900297525599,43.435692463341425,41.96844195109952,79.23897124327407,0
35.85299436516338,40.02904375213833,54.83365438594874,140.3505002853254,0
29.650115095030383,41.47501266764598,43.16271401080904,139.83819712905623,0
77.27539995032129,76.10624283987113,98.53646942373892,455.3529025473286,1
33.24458604352517,49.8559427877533,50.904345824079286,23.95702284728057,0
31.480894197982764,42.665775147727594,57.87360386536522,116.62653490154423,0
40.83051243175277,56.445464761692634,60.984278945626535,97.93674971137688,0
42.20821298813048,47.3453804633852,74.62008598877702,57.15921749874048,0
26.96820217165725,45.243652783498824,64.78713093515395,177.66984488206813,0
27.58502554129221,38.2464718365922,60.62228323382603,101.64323456379017,0
48.998819348952146,38.97470238808726,32.409750982390435,131.71621487348807,0
22.829838508720638,64.76954298476642,57.325584565205105,93.76763671272374,0
44.20504247989855,39.27622322376406,60.04322234867874,96.88367814674726,0
89.49368822334755,85.22233333149737,91.42446998120933,491.41535464445326,1
24.10105243537109,53.46307139230698,52.76622137241221,77.18413041613027,0
18.88542043062968,42.87980329340705,19.320325944489312,35.47932745692123,0
39.24027019206901,39.63195173396814,55.79069930322688,100.8010935921612,0
96.19922752935646,80.98597538248575,79.52385132244659,446.1984445894191,1
28.44740951175251,54.55868523768386,37.10704091666232,107.12958975620222,0
24.282539580439384,53.07451994847081,66.0311331001755,136.62119166898972,0
20.44877420650647,51.03780439230619,36.80004944456894,110.6102809432161,0
26.23699275075004,38.79820486271556,69.11612867405745,116.2616855306678,0
43.31339061988403,41.47109928443835,83.49359539940791,105.8398365725056,0
54.92999517432791,32.77473292094677,41.331261908603786,95.58395344393647,0
89.34388161912884,85.37928215246116,83.31834482477119,417.32233063168434,1
39.191541736100014,47.11311366504708,35.015384341108,91.00321841778593,0
38.232799156777055,44.845789492381414,53.999071183041266,81.32578358400322,0
41.00821398422605,39.66767740522148,60.564676690685374,121.28464536745527,0
87.8846401270904,73.98371114716937,75.98060321885158,526.4084732669263,1
31.680598059668203,41.744468376592955,51.80143234863103,105.72852332824522,0
18.589914902472618,55.25647352436967,90.3429554792212,135.74168823556437,0
28.369330360562362,51.16046174070139,55.524524763903806,167.42976767895846,0
24.56575228866235,35.61254700688902,58.107165138708275,104.45074076669958,0
93.56686078329986,76.81074758832683,96.44638590773258,436.1337608618975,1
44.288577078135674,46.84628909375803,51.20444156362186,77.93890399593481,0
100.0,81.19739544390322,84.70358184172062,450.61182181113804,1
97.47793557827171,79.94921152613188,96.5005760458669,421.5216421314147,1
46.96456368290038,45.56757780030576,64.9497884207145,152.90193851326643,0
37.0810867668859,37.95150847338399,58.28392143055002,52.85235472814981,0
10.37374308327421,53.78163091666833,72.08678724696222,51.024009071158815,0
38.021284586181196,41.26897142721566,41.79829100474757,144.52002796554723,0
30.281811573691282,51.816083615966576,61.75492792342102,106.88235689465036,0
20.460605806033552,35.81485759163137,60.195675136523626,172.5859666929231,0
32.16624975404619,40.40075334087873,53.20146359773398,72.17418199519214,0
29.744256878080055,48.53736003353144,48.41048222812507,77.96570118685354,0
18.803825667109887,47.822921941260205,67.78509668317096,116.6151849002396,0
23.921780129055676,61.715773938673124,44.85172826264173,90.93226920405122,0
94.20102942714905,70.73302500491994,100.0,515.9962324490439,1
86.21706975091293,77.63171688650537,71.34926889085831,389.3316090147748,1
37.640297815728594,45.41933679757507,56.02055032240218,140.6859069751725,0
28.655032155982674,53.33882477142283,70.57499806792914,48.50485627458618,0
33.17453261250175,40.760240000449414,60.0563230516805,163.9069998681993,0
50.574954697116986,36.478173445521335,72.98255632803824,100.0064202962834,0
25.146941646321316,54.16905618603474,43.59874517025221,75.6470735030654,0
21.389120898264295,47.79628560821529,50.559560649181634,37.64950987447433,0
31.0940847183297,44.891698514912825,59.75953527065749,72.33754389224906,0
26.385372333060143,54.094048743833675,51.05332603995029,100.45329513470936,0
37.38810480887503,39.667227298388056,32.295597130171956,98.48453195912633,0
26.29385667913894,43.57577201243787,79.6491092972317,105.02234089894311,0
88.56034159915349,79.3097107605559,96.48833487346865,427.9031747711429,1
13.314007411218046,41.901874950580904,53.82398839859992,114.14717503564192,0
39.9831089814796,35.64402049779556,77.80778850066504,95.75471969550736,0
39.528745472029385,38.573866568527244,51.808909671130806,79.9296895532112,0
32.63550811954785,33.545178865554604,47.92288911199437,145.20658769064468,0
26.73976467832159,47.163332101228576,56.671835568754716,90.0917120626201,0
35.950294658355645,46.106657290037504,61.77397844856996,50.25307543244632,0
47.958776730955215,47.92225562874907,57.724346324667344,70.20975372862445,0
32.24684725751886,34.648560133076,56.457742951948696,70.1111267111806,0
35.1503526720866,42.58384706185142,52.56873072498311,39.79736572385181,0
68.35773906206039,71.23711433809638,85.27784257636664,354.7507303008716,1
28.230527725059506,54.035308968856995,57.245285201501105,95.54582390457955,0
80.04103143500359,79.91950524591117,100.0,441.2100915440762,1
16.01432426180859,37.808175139317925,61.41216656144541,62.85054737868861,0
36.13517972730417,39.60159790315497,61.27024919730868,85.17208339135273,0
23.856768559037057,46.48977079068978,37.598041995559576,89.05573773863324,0
19.83316871423503,41.66186477549315,45.23423629685285,141.08766240161654,0
37.94264679621827,51.82999364368475,45.708760931151346,83.95307313010444,0
14.513817011362534,49.22552017272517,55.26055622181811,209.9512966364026,0
46.85014278708509,43.708139904698385,59.755836184094356,98.33928122927713,0
25.655037725676845,61.67199472212782,65.28590066107947,199.2260367004857,0
18.85953549838007,50.523526409799366,78.54482034278234,113.0625206345222,0
36.820520657126195,45.15637467523025,51.343985994932126,95.58467277415859,0
84.64321062403822,73.07316719351375,90.24932114315693,488.2477152054789,1
22.703975301925905,40.32866633148464,52.08800246287453,80.53675014581049,0
83.11076345714218,78.49130096695922,71.25042039895919,540.5030773335042,1
33.577873603482836,43.48827635754837,64.18482587216019,57.93809766639356,0
35.798572852951324,43.74266195016057,67.44605767038405,128.2608309368251,0
36.66312500909212,40.42934890917543,40.875620422563145,164.37373502439507,0
22.432360229840736,56.459576855949194,66.62198563149852,158.4797132347328,0
98.50649449162306,77.04732478922845,94.58635995484265,418.1550439284117,1
82.38865899081524,82.1506556659759,89.14989950256685,477.81438070557857,1
34.919191715065054,42.2008523293214,33.300456058005835,160.65153802224057,0
50.06092888159123,52.047110498589454,51.74444124222831,20.548375525183165,0
44.313667818311835,32.98776726182518,54.309964374461,75.81299273472324,0
42.38946352939438,55.505901211962644,58.37069351921406,98.90390836533984,0
38.58451116656666,44.59098916701758,39.52388682446733,96.46959079459835,0
38.125258223941984,40.93988567142421,60.65669515317989,146.2721579565389,0
29.359222358512834,37.97144256931481,44.27702838426387,73.82217065794772,0
33.904648499288896,43.8218970377985,54.851608741091624,148.5953612073214,0
30.773683076476182,41.013851578555226,36.196487545991765,171.98953166908393,0
21.917017146448487,22.763073307627995,49.50235612189937,49.40444623589166,0
86.0867339848649,75.79365558053588,83.82493269035965,408.31034427166514,1
37.5109945450731,42.578649035332205,50.8930584382385,72.5810858924632,0
84.12546994211168,77.44751326957811,95.11454325863482,347.2928472668891,1
14.43418101340249,43.71689503331662,77.75347931505216,124.26920010080426,0
29.83577103927248,39.568876237834615,58.40693270483657,77.6473483305282,0
26.786141583470066,45.23805667359703,67.60383462731626,131.05174362989288,0
23.485819963855516,42.32283321631497,56.37170503671097,101.35827540660674,0
31.417169136399046,45.14074526808369,51.275246362293835,119.6725760435185,0
20.066413004180493,60.4452828591927,64.4039256907205,130.0511082057044,0
83.59633251966589,75.9771591921369,82.08391542964758,409.76991469791477,1
19.73630792334108,40.5813120463151,59.40832418976984,109.03367336149229,0
83.3547847051729,83.43845298332134,81.75791419616962,301.44578130007017,1
27.188997071140452,50.62208319829816,69.94049209867907,90.9860746514797,0
16.203818352110698,34.93112183243809,35.427188497660254,21.632735650560917,0
31.262677362340682,35.19950135918783,46.849336753382794,132.9136829286543,0
37.87084603742452,57.03328428989275,53.32549548486516,50.14638825516505,0
75.80556338087871,76.9610414698856,91.85631837775719,476.9117083491324,1
37.78361076166638,44.50845746937669,77.88988807063922,85.74092125481823,0
16.282568707364945,54.37014496806925,67.58553327605489,99.7575269690562,0
29.934786847705418,50.12456666003116,57.98254126142785,83.8897084037433,0
48.97288694773111,46.034745173255686,53.92796961434745,91.16662031851669,0
24.26299996061421,36.667145850278565,59.73857788003093,136.87746405141422,0
46.31856899089109,53.92108159494232,44.66454277136919,46.53111663413512,0
6.09695632530562,35.68841621051063,51.62545045254054,167.0475803000806,0
36.93105607263144,41.01596260929227,53.37598919292268,135.47810429892687,0
43.74438093170817,43.35308263019293,54.95822981712158,100.86506522374259,0
0.9301178067835858,34.320998043572416,50.172279726967325,116.68321992034579,0
38.22544912103189,41.128371281601076,63.47806556256703,152.40779424217203,0
29.209326581354436,40.95251531246172,61.64971511815298,199.36576322981344,0
14.297752801095436,57.610010694865416,44.85337388374464,86.76757921910912,0
3.6425226098312224,45.66169297311928,55.64061126974826,96.71453345783814,0
21.125078221979,39.27814305909962,56.64809589478126,146.82715154826002,0
20.269310591184446,35.16628139250745,53.77532331245382,89.85438184429992,0
27.98508466052482,51.10971958224834,59.82637389894821,78.79956964880135,0
29.475955494225307,44.91569512928048,81.12784457250666,67.37175807602623,0
25.90717561886896,44.10215563661318,41.509598836636265,139.60499147571267,0
28.85263558533101,45.90032215283477,58.547986617784,97.47609788182615,0
28.626282116006035,36.11374313791031,38.956264502313346,141.80830328129002,0
41.12688374989925,56.67079789224674,83.31537110920124,0.6982405635664612,0
37.56988616645352,42.033682225841076,63.58283900669479,104.4426989278253,0
26.304730711666416,36.76348539269963,57.177532761767665,128.96300202977218,0
26.149781882871363,51.04406096132915,51.346503746221245,32.02281921569927,0
3.0311335705842835,30.47859554288582,45.397327175201156,98.81969605523715,0
36.928575842374364,44.381386987315224,50.13986714259163,20.634877329695644,0
36.40542935074773,44.711263097145576,49.04552949110191,143.50907005355413,0
32.22289855800854,48.39751935287233,51.06645932947044,135.75047189551321,0
25.111505782137257,53.26692933713971,61.19395627511763,114.37943759095431,0
20.960923585352102,50.01612537831756,60.204996231531545,101.2713561948256,0
27.045196819708398,40.89945093585917,29.988020543886392,48.54122025722351,0
91.8693075126206,78.48133225591349,100.0,263.0493841420315,1
16.645184309001092,56.65922249580569,48.254051896783274,76.91116174471547,0
49.87061111699441,42.2671388320367,66.65613141449778,126.60424206085918,0
14.851527753141355,37.441102865529594,49.66064330925697,74.7821923682728,0
32.67126651011483,42.20374156669003,60.54584915271613,149.464789685719,0
11.10459269054469,50.17772827682484,74.04880722898645,65.24674048441159,0
18.48985916380493,26.437203558685358,37.19225128639099,117.81587088457142,0
29.906996788613736,41.77113064651185,70.54008579926102,47.005547845990435,0
33.278211728430854,63.668336556240064,46.83069320409784,82.34096778748362,0
26.783649487826175,45.57941032649798,40.60954809885228,106.34733294474916,0
46.449677135012834,40.74395699943874,47.18268940163583,91.41916198656364,0
14.828263033283209,48.19374641969973,61.16331153298266,144.75649086828696,0
95.33927144374984,79.54101633245892,92.6865383797396,296.23151350183196,1
11.099898288170571,54.01903535752372,51.88375763870717,103.20639041950214,0
24.360525119417566,45.417843164058155,78.06669472323344,0.0,0
71.24872035176895,90.87128150638479,84.57262615999971,321.4736190348132,1
20.103718634296623,53.17256876090512,40.68431954777036,158.05501844281528,0
28.256457420971643,45.76358079244882,53.27200026758007,98.453929246907,0
20.7048913980759,41.8227600869281,51.63866790699993,91.09739716914346,0
48.12448557996929,37.10356211634614,50.43166451445889,59.57637587365622,0
41.87679388461564,42.668736666623666,55.86002264656293,150.86787166090232,0
14.493365689338674,46.1761073837277,50.60389987434691,66.86387113006995,0
42.95871781863014,32.335125997882194,75.92923821359174,67.50474581239845,0
36.08246191684969,45.20857315584997,37.59980372598961,106.19401793241536,0
36.954024745502984,56.15074867219167,73.74718132786083,164.53435716317935,0
96.8761661267896,72.74281235226684,95.1444474136883,472.5664836776948,1
36.14166700043425,46.33641566900597,52.036980070126546,170.2551195051197,0
29.055412855579974,40.7816298676981,44.0478548716496,95.65654092688227,0
22.17996507488963,46.837520235962835,58.82604884056511,112.95357065309801,0
32.029230208513,53.76778511720462,54.37654274919066,143.34194093311478,0
